[0;36m[21:12:50][0m [1;37m[INFO][0m  Device: [1;33ma22x[0m
[0;36m[21:12:50][0m [1;37m[INFO][0m  Config: [1;33ma22x_defconfig[0m
[0;36m[21:12:50][0m [1;37m[INFO][0m  Builder: [1;33mH3CKER@H3CKED[0m
[0;36m[21:12:50][0m [1;37m[INFO][0m  Build started at 02-01-2026 21:12:50
[0;36m[21:12:50][0m [1;37m[INFO][0m  Setting up build dependencies...
[0;36m[21:12:50][0m [1;37m[INFO][0m  Verifying dependencies...
[0;36m[21:12:50][0m [0;32m[OK][0m  All system dependencies verified
[0;36m[21:12:50][0m [1;37m[INFO][0m  Checking toolchains...
[0;36m[21:12:50][0m [0;32m[OK][0m  GCC toolchain found
[0;36m[21:12:50][0m [0;32m[OK][0m  Clang toolchain found
[0;36m[21:12:50][0m [0;32m[OK][0m  AnyKernel3 already exists
[0;36m[21:12:50][0m [0;32m[OK][0m  All dependencies ready!
[0;36m[21:12:50][0m [1;37m[INFO][0m  Setting up build environment...
[0;36m[21:12:50][0m [1;37m[INFO][0m  Architecture: [1;33marm64[0m
[0;36m[21:12:50][0m [1;37m[INFO][0m  Compiler: [1;33mClang + GCC[0m
[0;36m[21:12:50][0m [1;37m[INFO][0m  Threads: [1;33m4[0m
[0;36m[21:12:50][0m [0;32m[OK][0m  Environment ready!
[0;36m[21:12:50][0m [1;37m[INFO][0m  Starting kernel compilation...
[0;36m[21:12:50][0m [0;35m[PROGRESS][0m  Generating defconfig...
make: Entering directory '/home/dharrun/kernel_samsung_a226b'
make[1]: Entering directory '/home/dharrun/kernel_samsung_a226b/out'
  HOSTCC  scripts/basic/fixdep
  GEN     ./Makefile
  HOSTCC  scripts/kconfig/conf.o
  SHIPPED scripts/kconfig/zconf.tab.c
  SHIPPED scripts/kconfig/zconf.lex.c
  HOSTCC  scripts/kconfig/zconf.tab.o
  HOSTLD  scripts/kconfig/conf
#
# configuration written to .config
#
make[1]: Leaving directory '/home/dharrun/kernel_samsung_a226b/out'
make: Leaving directory '/home/dharrun/kernel_samsung_a226b'
[0;36m[21:12:56][0m [0;32m[OK][0m  Defconfig generated
[0;36m[21:12:56][0m [0;35m[PROGRESS][0m  Compiling kernel with 4 threads...
make: Entering directory '/home/dharrun/kernel_samsung_a226b'
make[1]: Entering directory '/home/dharrun/kernel_samsung_a226b/out'
  GEN     ./Makefile
scripts/kconfig/conf  --silentoldconfig Kconfig
  CHK     include/config/kernel.release
  UPD     include/config/kernel.release
  GEN     ./Makefile
  WRAP    arch/arm64/include/generated/uapi/asm/errno.h
  WRAP    arch/arm64/include/generated/uapi/asm/ioctl.h
  WRAP    arch/arm64/include/generated/uapi/asm/ioctls.h
  WRAP    arch/arm64/include/generated/uapi/asm/ipcbuf.h
  WRAP    arch/arm64/include/generated/uapi/asm/kvm_para.h
  WRAP    arch/arm64/include/generated/uapi/asm/mman.h
  WRAP    arch/arm64/include/generated/uapi/asm/msgbuf.h
  WRAP    arch/arm64/include/generated/uapi/asm/poll.h
  WRAP    arch/arm64/include/generated/uapi/asm/resource.h
  WRAP    arch/arm64/include/generated/uapi/asm/sembuf.h
  WRAP    arch/arm64/include/generated/uapi/asm/shmbuf.h
  WRAP    arch/arm64/include/generated/uapi/asm/socket.h
  WRAP    arch/arm64/include/generated/uapi/asm/sockios.h
  WRAP    arch/arm64/include/generated/uapi/asm/swab.h
  WRAP    arch/arm64/include/generated/uapi/asm/termbits.h
  WRAP    arch/arm64/include/generated/uapi/asm/termios.h
  WRAP    arch/arm64/include/generated/uapi/asm/types.h
  CHK     include/generated/uapi/linux/version.h
  UPD     include/generated/uapi/linux/version.h
  CHK     include/generated/utsrelease.h
  UPD     include/generated/utsrelease.h
  HOSTCC  scripts/basic/fixdep
  HOSTCC  scripts/basic/bin2c
../security/samsung/defex_lsm/Makefile:17: [DEFEX] INTEGRITY_ENABLE
-- KernelSU version: 32334
-- KernelSU branch: HEAD
-- KernelSU: CONFIG_KSU_MANUAL_HOOK
-- Supported KernelSU Manager(s): tiann, rsuntk, 5ec1cff, KOWX712
  Using .. as source for kernel
  WRAP    arch/arm64/include/generated/asm/bugs.h
  WRAP    arch/arm64/include/generated/asm/clkdev.h
  WRAP    arch/arm64/include/generated/asm/delay.h
  WRAP    arch/arm64/include/generated/asm/div64.h
  WRAP    arch/arm64/include/generated/asm/dma.h
  WRAP    arch/arm64/include/generated/asm/dma-contiguous.h
  WRAP    arch/arm64/include/generated/asm/early_ioremap.h
  WRAP    arch/arm64/include/generated/asm/emergency-restart.h
  WRAP    arch/arm64/include/generated/asm/hw_irq.h
  WRAP    arch/arm64/include/generated/asm/irq_regs.h
  WRAP    arch/arm64/include/generated/asm/kdebug.h
  WRAP    arch/arm64/include/generated/asm/kmap_types.h
  WRAP    arch/arm64/include/generated/asm/local.h
  WRAP    arch/arm64/include/generated/asm/local64.h
  WRAP    arch/arm64/include/generated/asm/mcs_spinlock.h
  WRAP    arch/arm64/include/generated/asm/mm-arch-hooks.h
  WRAP    arch/arm64/include/generated/asm/msi.h
  WRAP    arch/arm64/include/generated/asm/preempt.h
  WRAP    arch/arm64/include/generated/asm/rwsem.h
  WRAP    arch/arm64/include/generated/asm/segment.h
  WRAP    arch/arm64/include/generated/asm/serial.h
  WRAP    arch/arm64/include/generated/asm/set_memory.h
  WRAP    arch/arm64/include/generated/asm/sizes.h
  WRAP    arch/arm64/include/generated/asm/switch_to.h
  WRAP    arch/arm64/include/generated/asm/trace_clock.h
  WRAP    arch/arm64/include/generated/asm/unaligned.h
  WRAP    arch/arm64/include/generated/asm/user.h
  WRAP    arch/arm64/include/generated/asm/vga.h
  WRAP    arch/arm64/include/generated/asm/xor.h
  HOSTCC  scripts/dtc/dtc.o
../drivers/misc/mediatek/base/power/qos/Makefile:46: extraneous text after 'else' directive
*MTK_GPU_VERSION 2 = valhall
*MTK_GPU_VERSION 3 = r32p1
  HOSTCC  scripts/dtc/flattree.o
..
..
FDVT: Drv use 5.1 folder
..
..
..
../drivers/misc/mediatek/ccu/src/Makefile:29: CCU_MAKE_FILE_CALLED
..
..
  HOSTCC  scripts/dtc/fstree.o
 TARGET_BUILD_VARIANT = 
 BT_PLATFORM = connac1x
 srctree = ..
../drivers/misc/mediatek/connectivity/common/Kbuild:114: wmt_drv build-in boot.img
../drivers/misc/mediatek/connectivity/common/Kbuild:203: KERNEL_VERSION_SUPPORT_CHIPID_LIST=[6833]
[fm_drv:Kbuild] M = 
[fm_drv:Kbuild] CFG_FM_PLAT = mt6631_6635
[fm_drv:Kbuild] CFG_BUILD_CONNAC2 = 
[fm_drv:Kbuild] CFG_FM_CHIP_ID = 
[fm_drv:Kbuild] CFG_FM_CHIP = mt6635
[fm_drv:Kbuild] fmradio_drv_mt6631_6635 build-in boot.img
[fm_drv:Kbuild] src = drivers/misc/mediatek/connectivity/fmradio
[fm_drv:Kbuild] KO_CODE_PATH = ../drivers/misc/mediatek/connectivity/fmradio
../drivers/misc/mediatek/connectivity/gps/Makefile:17: GPS_CHIP_ID != common
../drivers/misc/mediatek/connectivity/wlan/adaptor/Makefile:50: wmt_chrdev_wifi build-in boot.img
  HOSTCC  scripts/dtc/data.o
os option: linux
$MTK_PLATFORM is [mt6853]
$WLAN_CHIP_ID is [6833]
$MTK_COMBO_CHIP is [SOC2_1X1]
../drivers/misc/mediatek/connectivity/wlan/core/gen4m/Makefile:545: wlan_drv_gen4m build-in boot.img
$MTK_WLAN_SERVICE is [{wlan_service/agent/agent.o wlan_service/service/service_test.o wlan_service/service/test_engine.o wlan_service/glue/osal/gen4m/sys_adaption_gen4m.o wlan_service/glue/osal/gen4m/net_adaption_gen4m.o wlan_service/glue/hal/gen4m/operation_gen4m.o}]
  HOSTCC  scripts/dtc/livetree.o
MTK_GPU_VERSION 1 = mali
************  drivers/trusty/mtee-kree mk ************
imgsensor drv by common ../common/v1_1/w1hi4821qrearqt_mipi_raw/ ../common/v1_1/w1hi4821qrearsy_mipi_raw/ ../common/v1_1/w1ov48b2qrearxl_mipi_raw/ ../common/v1_1/w1ov64b40reartxd_mipi_raw/ ../common/v1_1/w1hi846frontst_mipi_raw/ ../common/v1_1/w1gc8034frontdc_mipi_raw/ ../common/v1_1/w1hi846frontst2_mipi_raw/ ../common/v1_1/w1c8490fronttxd_mipi_raw/ ../common/v1_1/w1c2515depsj_mipi_mono/ ../common/v1_1/w1c2515depsj64_mipi_mono/ ../common/v1_1/w1bf2253deplh_mipi_raw/ ../common/v1_1/w1bf2253deplh3_mipi_raw/ ../common/v1_1/w1bf2253deplh64_mipi_raw/ ../common/v1_1/w1gc02m1bdepcxt_mipi_mono/ ../common/v1_1/w1gc02m1bdepcxt5_mipi_mono/ ../common/v1_1/w1hi556widexl_mipi_raw/ ../common/v1_1/w1gc5035cwidecxt_mipi_raw/ ../common/v1_1/w1sc500cswidely_mipi_raw/
imgsensor drv by platform 
imgsensor subdir-ccflags-y = -I../drivers/misc/mediatek/imgsensor/src/common/v1_1 -I../drivers/misc/mediatek/mmdvfs -I../drivers/i2c/busses/ -I../drivers/misc/mediatek/imgsensor/src/mt6853/camera_hw_mt6833 -I../drivers/misc/mediatek/imgsensor/src/mt6853/camera_hw -I../drivers/misc/mediatek/imgsensor/src/common/v1_1/camera_hw -DSENSOR_PARALLEISM -I../drivers/misc/mediatek/imgsensor/src/mt6853/seninf_mt6833/ -I../drivers/misc/mediatek/imgsensor/src/mt6853/seninf/
  HOSTCC  scripts/genksyms/genksyms.o
*MTK_GPU_VERSION 2 = valhall
*MTK_GPU_VERSION 3 = r32p1
mali MTK evironment, building r32p1 DDK
mtk-Kbuild CONFIG_MALI_PLATFORM_THIRDPARTY := y
mtk-Kbuild CONFIG_MALI_PLATFORM_THIRDPARTY_NAME := "mt6833"
*GPU defined GPU BM QoS 2.0
mali MTK evironment, building r32p1 DDK
mtk-Kbuild CONFIG_MALI_PLATFORM_THIRDPARTY := y
mtk-Kbuild CONFIG_MALI_PLATFORM_THIRDPARTY_NAME := "mt6833"
*GPU defined GPU BM QoS 2.0
mali MTK evironment, building r32p1 DDK
mtk-Kbuild CONFIG_MALI_PLATFORM_THIRDPARTY := y
mtk-Kbuild CONFIG_MALI_PLATFORM_THIRDPARTY_NAME := "mt6833"
*GPU defined GPU BM QoS 2.0
  SHIPPED scripts/genksyms/parse.tab.c
  SHIPPED scripts/genksyms/lex.lex.c
  SHIPPED scripts/genksyms/parse.tab.h
  HOSTCC  scripts/genksyms/parse.tab.o
  HOSTCC  scripts/dtc/treesource.o
  HOSTCC  scripts/genksyms/lex.lex.o
  HOSTCC  scripts/dtc/srcpos.o
  HOSTCC  scripts/dtc/checks.o
  HOSTCC  scripts/dtc/util.o
  SHIPPED scripts/dtc/dtc-lexer.lex.c
  HOSTLD  scripts/genksyms/genksyms
  SHIPPED scripts/dtc/dtc-parser.tab.h
  SHIPPED scripts/dtc/dtc-parser.tab.c
  HOSTCC  scripts/dtc/dtc-lexer.lex.o
  CC      scripts/mod/empty.o
  HOSTCC  scripts/selinux/genheaders/genheaders
  HOSTCC  scripts/mod/mk_elfconfig
  HOSTCC  scripts/dtc/dtc-parser.tab.o
  CC      scripts/mod/devicetable-offsets.s
  HOSTCC  scripts/selinux/mdp/mdp
  MKELF   scripts/mod/elfconfig.h
  CHK     scripts/mod/devicetable-offsets.h
  UPD     scripts/mod/devicetable-offsets.h
  HOSTCC  scripts/mod/sumversion.o
  HOSTLD  scripts/dtc/dtc
../drivers/misc/mediatek/sensor/2.0/mtk_nanohub/Makefile:5: "config_mtk_platform:"mt6853""
  HOSTCC  scripts/kallsyms
  HOSTCC  scripts/pnmtologo
  HOSTCC  scripts/mod/modpost.o
TCORE_UT_TESTS_SUPPORT = n
TCORE_PROFILING_SUPPORT = n
TCORE_PROFILING_AUTO_DUMP = n
TCORE_MEMORY_LEAK_DETECTION_SUPPORT = n
  HOSTCC  scripts/sortextable
  HOSTCC  scripts/asn1_compiler
  HOSTCC  scripts/mod/file2alias.o
  HOSTCC  scripts/extract-cert
../scripts/extract-cert.c: In function ‘display_openssl_errors’:
../scripts/extract-cert.c:46:9: warning: ‘ERR_get_error_line’ is deprecated: Since OpenSSL 3.0 [-Wdeprecated-declarations]
   46 |         while ((e = ERR_get_error_line(&file, &line))) {
      |         ^~~~~
In file included from ../scripts/extract-cert.c:23:
/usr/include/openssl/err.h:423:15: note: declared here
  423 | unsigned long ERR_get_error_line(const char **file, int *line);
      |               ^~~~~~~~~~~~~~~~~~
../scripts/extract-cert.c: In function ‘drain_openssl_errors’:
../scripts/extract-cert.c:59:9: warning: ‘ERR_get_error_line’ is deprecated: Since OpenSSL 3.0 [-Wdeprecated-declarations]
   59 |         while (ERR_get_error_line(&file, &line)) {}
      |         ^~~~~
/usr/include/openssl/err.h:423:15: note: declared here
  423 | unsigned long ERR_get_error_line(const char **file, int *line);
      |               ^~~~~~~~~~~~~~~~~~
../scripts/extract-cert.c: In function ‘main’:
../scripts/extract-cert.c:124:17: warning: ‘ENGINE_load_builtin_engines’ is deprecated: Since OpenSSL 3.0 [-Wdeprecated-declarations]
  124 |                 ENGINE_load_builtin_engines();
      |                 ^~~~~~~~~~~~~~~~~~~~~~~~~~~
In file included from ../scripts/extract-cert.c:24:
/usr/include/openssl/engine.h:358:28: note: declared here
  358 | OSSL_DEPRECATEDIN_3_0 void ENGINE_load_builtin_engines(void);
      |                            ^~~~~~~~~~~~~~~~~~~~~~~~~~~
../scripts/extract-cert.c:126:17: warning: ‘ENGINE_by_id’ is deprecated: Since OpenSSL 3.0 [-Wdeprecated-declarations]
  126 |                 e = ENGINE_by_id("pkcs11");
      |                 ^
/usr/include/openssl/engine.h:336:31: note: declared here
  336 | OSSL_DEPRECATEDIN_3_0 ENGINE *ENGINE_by_id(const char *id);
      |                               ^~~~~~~~~~~~
../scripts/extract-cert.c:128:17: warning: ‘ENGINE_init’ is deprecated: Since OpenSSL 3.0 [-Wdeprecated-declarations]
  128 |                 if (ENGINE_init(e))
      |                 ^~
/usr/include/openssl/engine.h:620:27: note: declared here
  620 | OSSL_DEPRECATEDIN_3_0 int ENGINE_init(ENGINE *e);
      |                           ^~~~~~~~~~~
../scripts/extract-cert.c:133:25: warning: ‘ENGINE_ctrl_cmd_string’ is deprecated: Since OpenSSL 3.0 [-Wdeprecated-declarations]
  133 |                         ERR(!ENGINE_ctrl_cmd_string(e, "PIN", key_pass, 0), "Set PKCS#11 PIN");
      |                         ^~~
/usr/include/openssl/engine.h:479:5: note: declared here
  479 | int ENGINE_ctrl_cmd_string(ENGINE *e, const char *cmd_name, const char *arg,
      |     ^~~~~~~~~~~~~~~~~~~~~~
../scripts/extract-cert.c:134:17: warning: ‘ENGINE_ctrl_cmd’ is deprecated: Since OpenSSL 3.0 [-Wdeprecated-declarations]
  134 |                 ENGINE_ctrl_cmd(e, "LOAD_CERT_CTRL", 0, &parms, NULL, 1);
      |                 ^~~~~~~~~~~~~~~
/usr/include/openssl/engine.h:450:27: note: declared here
  450 | OSSL_DEPRECATEDIN_3_0 int ENGINE_ctrl_cmd(ENGINE *e, const char *cmd_name,
      |                           ^~~~~~~~~~~~~~~
  CHK     include/generated/timeconst.h
  CC      kernel/bounds.s
  HOSTLD  scripts/mod/modpost
  UPD     include/generated/timeconst.h
  CHK     include/generated/bounds.h
  UPD     include/generated/bounds.h
  CC      arch/arm64/kernel/asm-offsets.s
  CHK     include/generated/asm-offsets.h
  UPD     include/generated/asm-offsets.h
  CALL    ../scripts/checksyscalls.sh
  LDS     arch/arm64/kernel/vdso/vdso.lds
  VDSOA   arch/arm64/kernel/vdso/gettimeofday.o
  VDSOA   arch/arm64/kernel/vdso/note.o
  VDSOA   arch/arm64/kernel/vdso/sigreturn.o
  LD      arch/arm64/kernel/vdso/vdso.so.dbg
  VDSOSYM include/generated/vdso-offsets.h
  CC      init/main.o
  CHK     include/generated/compile.h
  CC      init/do_mounts.o
  UPD     include/generated/compile.h
  CC      init/do_mounts_rd.o
  HOSTCC  usr/gen_init_cpio
  GEN     usr/initramfs_data.cpio
  AS      usr/initramfs_data.o
  CC      init/do_mounts_initrd.o
  AR      usr/built-in.o
  CC      arch/arm64/kernel/debug-monitors.o
  CC      init/noinitramfs.o
  CC      init/initramfs.o
  AS      arch/arm64/kernel/entry.o
  CC      arch/arm64/kernel/irq.o
  CC      arch/arm64/kernel/fpsimd.o
  CC      init/calibrate.o
  CC      init/init_task.o
  AS      arch/arm64/kernel/entry-fpsimd.o
  CC      init/version.o
  CC      arch/arm64/kernel/process.o
  CC      arch/arm64/kernel/ptrace.o
  AR      init/mounts.o
  CC      arch/arm64/mm/dma-mapping.o
  AR      init/built-in.o
  CC      arch/arm64/mm/extable.o
  CC      arch/arm64/mm/fault.o
  CC      arch/arm64/kernel/setup.o
  CC      arch/arm64/kernel/signal.o
  CC      arch/arm64/mm/init.o
  AS      arch/arm64/mm/cache.o
  CC      arch/arm64/kernel/sys.o
  CC      arch/arm64/mm/copypage.o
  CC      arch/arm64/kernel/stacktrace.o
  CC      arch/arm64/mm/flush.o
  CC      arch/arm64/kernel/time.o
  CC      arch/arm64/kernel/traps.o
  CC      arch/arm64/kernel/io.o
  CC      arch/arm64/kernel/vdso.o
  CC      arch/arm64/mm/ioremap.o
  AS      arch/arm64/kernel/hyp-stub.o
  CC      arch/arm64/kernel/psci.o
  CC      arch/arm64/mm/mmap.o
  CC      arch/arm64/kernel/cpu_ops.o
  CC      arch/arm64/mm/pgd.o
  CC      arch/arm64/net/bpf_jit_comp.o
  CC      arch/arm64/kernel/insn.o
  CC      arch/arm64/crypto/sha2-ce-glue.o
  CC      arch/arm64/mm/mmu.o
  AS      arch/arm64/crypto/sha2-ce-core.o
  CC      arch/arm64/kernel/return_address.o
  AS      arch/arm64/crypto/aes-ce-core.o
  AR      arch/arm64/net/built-in.o
  CC      arch/arm64/crypto/aes-ce-glue.o
  CC      arch/arm64/crypto/aes-glue-ce.o
  AS      arch/arm64/crypto/aes-ce.o
  CC      arch/arm64/kernel/cpuinfo.o
  CC      arch/arm64/crypto/sha256-glue.o
  SHIPPED arch/arm64/crypto/sha256-core.S
  CC      arch/arm64/kernel/cpu_errata.o
  CC      arch/arm64/mm/context.o
  AS      arch/arm64/mm/proc.o
  CC      arch/arm64/mm/pageattr.o
  AS      arch/arm64/mm/cache-mtk-v8.o
  CC      arch/arm64/kernel/cpufeature.o
  CC      arch/arm64/kernel/alternative.o
  AS      arch/arm64/crypto/aes-cipher-core.o
  CC      arch/arm64/kernel/cacheinfo.o
  CC      arch/arm64/crypto/aes-cipher-glue.o
  AR      arch/arm64/mm/built-in.o
  CC      arch/arm64/kernel/smp.o
  CC      kernel/fork.o
  AR      arch/arm64/crypto/sha2-ce.o
  AR      arch/arm64/crypto/aes-ce-cipher.o
  AR      arch/arm64/crypto/aes-ce-blk.o
  AS      arch/arm64/crypto/sha256-core.o
  AR      arch/arm64/crypto/aes-arm64.o
  AR      arch/arm64/crypto/sha256-arm64.o
  AR      arch/arm64/crypto/built-in.o
  CC      arch/arm64/kernel/smp_spin_table.o
  CC      certs/system_keyring.o
  EXTRACT_CERTS   
  AS      certs/system_certificates.o
  CC      arch/arm64/kernel/topology.o
  AR      certs/built-in.o
  AS      arch/arm64/kernel/smccc-call.o
  CC      mm/filemap.o
  CC      arch/arm64/kernel/sys32.o
  AS      arch/arm64/kernel/kuser32.o
  CC      mm/mempool.o
  CC      arch/arm64/kernel/signal32.o
  CC      kernel/exec_domain.o
  CC      arch/arm64/kernel/sys_compat.o
  CC      kernel/panic.o
  AS      arch/arm64/kernel/entry32.o
  CC      arch/arm64/kernel/arm64ksyms.o
  CC      arch/arm64/kernel/module.o
  CC      mm/oom_kill.o
  CC      arch/arm64/kernel/perf_regs.o
  CC      kernel/cpu.o
  CC      arch/arm64/kernel/perf_callchain.o
  CC      arch/arm64/kernel/perf_event.o
  CC      arch/arm64/kernel/hw_breakpoint.o
  CC      mm/maccess.o
  AS      arch/arm64/kernel/sleep.o
  CC      arch/arm64/kernel/suspend.o
  CC      mm/page_alloc.o
  CC      arch/arm64/kernel/cpuidle.o
  CC      kernel/exit.o
  CC      mm/page-writeback.o
  CC      arch/arm64/kernel/armv8_deprecated.o
  CC      arch/arm64/kernel/ssbd.o
  CC      arch/arm64/kernel/probes/uprobes.o
  CC      kernel/softirq.o
  CC      arch/arm64/kernel/probes/decode-insn.o
  CC      mm/readahead.o
  CC      arch/arm64/kernel/probes/simulate-insn.o
  CC      mm/swap.o
  AR      arch/arm64/kernel/probes/built-in.o
  OBJCOPY arch/arm64/kernel/vdso/vdso.so
  AS      arch/arm64/kernel/vdso/vdso.o
  AR      arch/arm64/kernel/vdso/built-in.o
  AS      arch/arm64/kernel/head.o
  LDS     arch/arm64/kernel/vmlinux.lds
  CC      kernel/resource.o
  AR      arch/arm64/kernel/built-in.o
  CC      kernel/sysctl.o
  CC      mm/truncate.o
  CC      kernel/sysctl_binary.o
  CC      kernel/capability.o
  CC      mm/vmscan.o
  CC      mm/shmem.o
  CC      kernel/ptrace.o
  CC      kernel/user.o
  CC      kernel/signal.o
  CC      kernel/sys.o
  CC      mm/util.o
  CC      mm/mmzone.o
  CC      mm/vmstat.o
  CC      mm/backing-dev.o
  CC      kernel/umh.o
  CC      kernel/workqueue.o
  CC      mm/mm_init.o
  CC      kernel/pid.o
  CC      mm/mmu_context.o
  CC      mm/percpu.o
  CC      mm/slab_common.o
  CC      kernel/task_work.o
  CC      kernel/extable.o
  CC      kernel/params.o
  CC      mm/compaction.o
  CC      kernel/kthread.o
  CC      mm/vmacache.o
  CC      mm/swap_slots.o
  CC      kernel/sys_ni.o
  CC      kernel/nsproxy.o
  CC      mm/interval_tree.o
  CC      kernel/notifier.o
  CC      mm/list_lru.o
  CC      mm/workingset.o
  CC      kernel/ksysfs.o
  CC      kernel/cred.o
  CC      kernel/reboot.o
  CC      mm/debug.o
  CC      kernel/async.o
  CC      mm/gup.o
  CC      kernel/range.o
  CC      kernel/smpboot.o
  CC      mm/highmem.o
  CC      kernel/ucount.o
  CC      kernel/kmod.o
  CC      mm/memory.o
  CC      kernel/groups.o
  CC      mm/mincore.o
  CC      mm/mlock.o
  CC      kernel/cgroup/cgroup.o
  CC      kernel/bpf/core.o
  CC      kernel/cgroup/namespace.o
  CC      mm/mmap.o
  CC      kernel/cgroup/cgroup-v1.o
  CC      kernel/bpf/syscall.o
  CC      kernel/cgroup/freezer.o
  CC      mm/mprotect.o
  CC      kernel/cgroup/legacy_freezer.o
  CC      mm/mremap.o
  CC      kernel/cgroup/cpuset.o
  CC      mm/msync.o
  CC      mm/page_vma_mapped.o
  CC      mm/pagewalk.o
  CC      mm/pgtable-generic.o
  CC      mm/rmap.o
  CC      kernel/bpf/verifier.o
  CC      mm/vmalloc.o
  AR      kernel/cgroup/built-in.o
  CC      kernel/events/core.o
  CC      kernel/events/ring_buffer.o
  CC      mm/process_vm_access.o
  CC      kernel/events/callchain.o
  CC      mm/showmem_extra.o
  CC      mm/init-mm.o
  CC      kernel/events/hw_breakpoint.o
  CC      mm/sec_mm/sec_mm_init.o
  CC      mm/sec_mm/lowfile_detect.o
  CC      mm/sec_mm/show_mem.o
  CC      kernel/events/uprobes.o
  AR      mm/sec_mm/sec_mm.o
  AR      mm/sec_mm/built-in.o
  CC      mm/nobootmem.o
  CC      kernel/bpf/inode.o
  CC      kernel/bpf/helpers.o
  CC      mm/fadvise.o
  AR      kernel/events/built-in.o
  CC      kernel/irq/irqdesc.o
  CC      kernel/bpf/tnum.o
  CC      mm/madvise.o
  CC      kernel/bpf/hashtab.o
  CC      kernel/bpf/arraymap.o
  CC      mm/memblock.o
  CC      kernel/irq/handle.o
  CC      kernel/bpf/percpu_freelist.o
  CC      kernel/bpf/bpf_lru_list.o
  CC      kernel/bpf/lpm_trie.o
  CC      kernel/irq/manage.o
  CC      mm/page_io.o
  CC      mm/swap_state.o
  CC      kernel/bpf/map_in_map.o
  CC      mm/swapfile.o
  CC      mm/dmapool.o
  CC      kernel/bpf/local_storage.o
  CC      kernel/irq/spurious.o
  CC      mm/sparse.o
  CC      kernel/irq/resend.o
  CC      kernel/bpf/queue_stack_maps.o
  CC      kernel/irq/chip.o
  CC      kernel/bpf/disasm.o
  CC      kernel/bpf/btf.o
  CC      kernel/bpf/devmap.o
  CC      mm/sparse-vmemmap.o
  CC      mm/slub.o
  CC      mm/migrate.o
  CC      kernel/irq/dummychip.o
  CC      kernel/bpf/cpumap.o
  CC      kernel/irq/devres.o
  CC      mm/page_counter.o
  CC      kernel/bpf/offload.o
  CC      kernel/irq/autoprobe.o
  CC      mm/memcontrol.o
  CC      kernel/irq/irqdomain.o
  CC      mm/vmpressure.o
  CC      kernel/bpf/stackmap.o
  CC      kernel/bpf/cgroup.o
  CC      kernel/irq/proc.o
  CC      kernel/bpf/reuseport_array.o
  CC      kernel/irq/cpuhotplug.o
  CC      kernel/irq/pm.o
  CC      mm/swap_cgroup.o
  AR      kernel/bpf/built-in.o
  AR      kernel/livepatch/built-in.o
  CC      kernel/irq/affinity.o
  CC      mm/page_isolation.o
  CC      mm/zsmalloc.o
  CC      mm/early_ioremap.o
  AR      kernel/irq/built-in.o
  CC      kernel/locking/mutex.o
  CC      mm/cma.o
  CC      kernel/locking/semaphore.o
  CC      kernel/locking/rwsem.o
  CC      mm/frame_vector.o
  CC      mm/usercopy.o
  CC      kernel/locking/percpu-rwsem.o
  CC      kernel/power/qos.o
  CC      kernel/locking/spinlock.o
  CC      kernel/locking/osq_lock.o
  CC      mm/io_record.o
  CC      kernel/locking/rtmutex.o
  CC      kernel/locking/rwsem-xadd.o
  AR      mm/built-in.o
  CC      fs/open.o
  CC      kernel/power/main.o
  CC      fs/read_write.o
  AR      kernel/locking/built-in.o
  CC      kernel/printk/printk.o
  CC      kernel/power/process.o
  CC      fs/file_table.o
  CC      kernel/power/suspend.o
  CC      fs/super.o
  CC      kernel/printk/printk_safe.o
  CC      fs/char_dev.o
  AR      kernel/printk/built-in.o
  CC      kernel/rcu/update.o
  CC      kernel/power/wakelock.o
  CC      kernel/rcu/sync.o
  CC      fs/stat.o
  CC      kernel/power/poweroff.o
  CC      kernel/sched/core.o
  CC      kernel/power/wakeup_reason.o
  CC      kernel/rcu/srcutree.o
  CC      fs/exec.o
  AR      kernel/power/built-in.o
  CC      kernel/sched/loadavg.o
  CC      kernel/rcu/tree.o
  CC      kernel/rcu/rcu_segcblist.o
  CC      kernel/sched/clock.o
  CC      fs/pipe.o
  CC      kernel/sched/cputime.o
  AR      kernel/rcu/built-in.o
  CC      kernel/sched/idle_task.o
  CC      kernel/sched/fair.o
  CC      fs/namei.o
  CC      kernel/sched/rt.o
  CC      kernel/sched/deadline.o
  CC      kernel/sched/wait.o
  CC      kernel/sched/wait_bit.o
  CC      kernel/sched/swait.o
  CC      fs/fcntl.o
  CC      kernel/sched/completion.o
  CC      kernel/sched/idle.o
  CC      kernel/sched/cpupri.o
  CC      kernel/sched/cpudeadline.o
  CC      fs/ioctl.o
  CC      fs/readdir.o
  CC      kernel/sched/topology.o
  CC      fs/select.o
  CC      fs/dcache.o
  CC      kernel/time/time.o
  CC      kernel/time/timer.o
  CC      kernel/sched/stop_task.o
  CC      fs/inode.o
  CC      kernel/sched/energy.o
  CC      fs/attr.o
  CC      kernel/sched/stats.o
  CC      fs/bad_inode.o
  CC      kernel/sched/debug.o
  CC      kernel/time/hrtimer.o
  CC      fs/file.o
  CC      fs/filesystems.o
  CC      kernel/sched/tune.o
  CC      fs/namespace.o
  CC      kernel/time/timekeeping.o
  CC      fs/seq_file.o
  CC      kernel/sched/cpuacct.o
  CC      fs/xattr.o
  CC      kernel/time/ntp.o
  CC      kernel/sched/cpufreq.o
  CC      kernel/time/clocksource.o
  CC      fs/libfs.o
  CC      kernel/sched/cpufreq_schedutil.o
  CC      kernel/sched/membarrier.o
  CC      kernel/time/jiffies.o
  CC      kernel/sched/psi.o
  CC      fs/fs-writeback.o
  CC      kernel/time/timer_list.o
  CC      kernel/time/timeconv.o
  CC      kernel/time/timecounter.o
  AR      kernel/sched/built-in.o
  CC      kernel/trace/trace_clock.o
  CC      kernel/time/alarmtimer.o
  CC      fs/pnode.o
  CC      kernel/trace/ring_buffer.o
  CC      kernel/time/posix-timers.o
  CC      fs/splice.o
  CC      kernel/time/posix-cpu-timers.o
  CC      fs/sync.o
  CC      kernel/trace/trace.o
  CC      kernel/time/posix-clock.o
  CC      fs/utimes.o
  CC      fs/stack.o
  CC      kernel/time/itimer.o
  CC      fs/fs_struct.o
  AR      ipc/built-in.o
  CC      security/integrity/iint.o
  CC      kernel/time/clockevents.o
  CC      fs/statfs.o
  CC      security/integrity/integrity_audit.o
  CC      security/integrity/digsig.o
  CC      kernel/time/tick-common.o
  CC      fs/fs_pin.o
  CC      security/integrity/digsig_asymmetric.o
  CC      fs/nsfs.o
  AR      security/integrity/integrity.o
  AR      security/integrity/built-in.o
  CC      security/keys/gc.o
  CC      kernel/trace/trace_output.o
  CC      fs/buffer.o
  CC      security/keys/key.o
  CC      kernel/time/tick-broadcast.o
  CC      kernel/time/tick-broadcast-hrtimer.o
  CC      security/keys/keyring.o
  CC      kernel/trace/trace_seq.o
  CC      kernel/time/sched_clock.o
  CC      kernel/trace/trace_stat.o
  CC      kernel/time/tick-oneshot.o
  CC      security/keys/keyctl.o
  CC      fs/block_dev.o
  CC      kernel/time/tick-sched.o
  CC      kernel/trace/trace_printk.o
  CC      security/keys/permission.o
  CC      kernel/time/timer_list_aee.o
  CC      kernel/trace/trace_sched_switch.o
  CC      security/keys/process_keys.o
  CC      fs/direct-io.o
  AR      kernel/time/built-in.o
  CC      security/keys/request_key.o
  CC      kernel/trace/trace_nop.o
  CC      security/keys/request_key_auth.o
  CC      security/keys/user_defined.o
  CC      kernel/trace/blktrace.o
  CC      security/keys/compat.o
  CC      security/keys/proc.o
  CC      security/keys/sysctl.o
  CC      fs/mpage.o
  CC      kernel/trace/trace_events.o
  CC      kernel/trace/trace_export.o
  AR      security/keys/built-in.o
../security/samsung/defex_lsm/Makefile:17: [DEFEX] INTEGRITY_ENABLE
  CC      security/samsung/defex_lsm/core/defex_common.o
  CC      security/samsung/defex_lsm/core/defex_lsm.o
  CC      kernel/trace/trace_event_perf.o
  CC      security/samsung/defex_lsm/core/defex_main.o
  CC      fs/proc_namespace.o
  CC      kernel/trace/trace_events_filter.o
  CC      fs/dlog_hook.o
  CC      security/samsung/defex_lsm/core/defex_get_mode.o
  CC      kernel/trace/trace_events_trigger.o
  HOSTCC  security/samsung/defex_lsm/pack_rules
  CC      fs/configfs/inode.o
  CC      security/samsung/defex_lsm/core/defex_tailer.o
  CC      fs/configfs/file.o
  CC      security/samsung/defex_lsm/catch_engine/defex_catch_list.o
  CC      kernel/trace/bpf_trace.o
  CC      kernel/trace/power-traces.o
  CC      fs/configfs/dir.o
  CC      security/samsung/defex_lsm/catch_engine/defex_ht.o
  CC      security/samsung/defex_lsm/defex_rules.o
  CC      security/samsung/defex_lsm/catch_engine/defex_catch_list_compat.o
  CC      fs/configfs/symlink.o
  CC      security/samsung/defex_lsm/feature_privilege_escalation_detection/defex_priv.o
  CC      kernel/trace/rpm-traces.o
  CC      fs/configfs/mount.o
  CC      fs/configfs/item.o
  CC      security/samsung/defex_lsm/feature_safeplace/defex_safeplace.o
  CC      security/samsung/defex_lsm/feature_safeplace/defex_integrity.o
  CC      security/samsung/defex_lsm/feature_immutable/defex_immutable.o
  AR      fs/configfs/configfs.o
  AR      fs/configfs/built-in.o
  CC      fs/crypto/crypto.o
  CC      fs/crypto/fname.o
  CC      security/samsung/defex_lsm/catch_engine/defex_caches.o
  CC      kernel/trace/trace_probe.o
  MAKEKEY ../security/samsung/defex_lsm/cert/x509_five_eng.der
  MAKEKEY ../security/samsung/defex_lsm/cert/x509_five_user.der
  CC      security/samsung/defex_lsm/cert/defex_sign.o
  PACK    ../security/samsung/defex_lsm/defex_rules.c
  AS      security/samsung/defex_lsm/cert/defex_cert.o
  CC      fs/crypto/hkdf.o
  CC      kernel/trace/trace_uprobe.o
  CC      fs/devpts/inode.o
  CC      security/samsung/defex_lsm/core/defex_rules_proc.o
  CC      fs/crypto/hooks.o
  AR      fs/devpts/devpts.o
  AR      fs/devpts/built-in.o
  CC      fs/crypto/keyring.o
  CC      kernel/trace/mtk_trace.o
  AR      security/samsung/defex_lsm/built-in.o
  GEN     security/selinux/flask.h security/selinux/av_permissions.h
  CC      security/selinux/avc.o
  AR      kernel/trace/built-in.o
  CC      kernel/freezer.o
  CC      kernel/profile.o
  CC      fs/crypto/keysetup.o
  CC      security/selinux/hooks.o
  CC      fs/crypto/keysetup_v1.o
  CC      kernel/stacktrace.o
  CC      fs/crypto/policy.o
  CC      fs/crypto/bio.o
  CC      kernel/futex.o
  CC      fs/crypto/inline_crypt.o
  CC      kernel/smp.o
  AR      fs/crypto/fscrypto.o
  AR      fs/crypto/built-in.o
  AR      fs/exofs/built-in.o
  CC      fs/exportfs/expfs.o
  CC      security/selinux/selinuxfs.o
  CC      security/selinux/netlink.o
  CC      kernel/uid16.o
  AR      fs/exportfs/exportfs.o
  AR      fs/exportfs/built-in.o
  CC      fs/ext4/balloc.o
  CC      fs/ext4/bitmap.o
  CC      security/selinux/nlmsgtab.o
  CC      kernel/module.o
  CC      fs/ext4/block_validity.o
  CC      security/selinux/netif.o
  CC      fs/ext4/dir.o
  CC      security/selinux/netnode.o
  CC      security/selinux/netport.o
  CC      fs/ext4/ext4_jbd2.o
  CC      security/selinux/ibpkey.o
  CC      fs/ext4/extents.o
  CC      security/selinux/exports.o
  CC      kernel/kallsyms.o
  CC      fs/ext4/extents_status.o
  CC      security/selinux/ss/ebitmap.o
  CC      kernel/compat.o
  CC      kernel/utsname.o
  CC      security/selinux/ss/hashtab.o
  CC      security/selinux/ss/symtab.o
  CC      kernel/pid_namespace.o
  CC      fs/ext4/file.o
  CC      security/selinux/ss/sidtab.o
  CC      security/selinux/ss/avtab.o
  GZIP    kernel/config_data.gz
  CC      fs/ext4/fsmap.o
  CC      kernel/stop_machine.o
  CC      kernel/audit.o
  CC      security/selinux/ss/policydb.o
  CC      security/selinux/ss/services.o
  CC      fs/ext4/fsync.o
  CC      fs/ext4/hash.o
  CC      fs/ext4/ialloc.o
  CC      kernel/auditfilter.o
  CC      security/selinux/ss/conditional.o
  CC      security/selinux/ss/mls.o
  CC      fs/ext4/indirect.o
  CC      security/selinux/ss/status.o
  CC      kernel/auditsc.o
  CC      kernel/audit_watch.o
  AR      security/selinux/selinux.o
  AR      security/selinux/built-in.o
  CC      security/commoncap.o
  CC      fs/ext4/inline.o
  CC      fs/ext4/inode.o
  CC      kernel/audit_fsnotify.o
  CC      security/min_addr.o
  CC      security/security.o
  CC      kernel/audit_tree.o
  CC      fs/f2fs/dir.o
  CC      kernel/seccomp.o
  CC      security/lsm_audit.o
  CC      fs/f2fs/file.o
  CC      fs/ext4/ioctl.o
  CC      kernel/utsname_sysctl.o
  AR      security/built-in.o
  CC      fs/fat/cache.o
  CC      kernel/taskstats.o
  CC      fs/ext4/mballoc.o
  CC      fs/fat/dir.o
  CC      kernel/tsacct.o
  CC      fs/f2fs/inode.o
  CC      kernel/tracepoint.o
  CC      fs/fat/fatent.o
  CC      fs/ext4/migrate.o
  CC      kernel/elfcore.o
  CC      fs/f2fs/namei.o
  CC      fs/fat/file.o
  CC      kernel/irq_work.o
  CC      fs/ext4/mmp.o
  CC      fs/fat/inode.o
  CC      kernel/cpu_pm.o
  CC      fs/f2fs/hash.o
  CC      fs/ext4/move_extent.o
  CC      kernel/memremap.o
  CC      fs/fat/misc.o
  CHK     kernel/kheaders_data.tar.xz
  CC      fs/f2fs/super.o
  CC      fs/ext4/namei.o
  CC      fs/fat/nfs.o
  GEN     kernel/kheaders_data.tar.xz
  CC      fs/fat/namei_vfat.o
  CC      fs/fat/namei_msdos.o
  CC      fs/ext4/page-io.o
  AR      fs/fat/fat.o
  AR      fs/fat/vfat.o
  AR      fs/fat/msdos.o
  AR      fs/fat/built-in.o
  CC      fs/fuse/dev.o
  CC      fs/f2fs/inline.o
  CC      fs/ext4/readpage.o
  CC      fs/f2fs/checkpoint.o
  CC      fs/ext4/resize.o
  CC      fs/fuse/dir.o
  CC      fs/f2fs/gc.o
  CC      fs/ext4/super.o
  CC      fs/fuse/file.o
  CC      fs/f2fs/data.o
  CC      fs/fuse/inode.o
  CC      fs/fuse/control.o
  CC      fs/fuse/xattr.o
  CC      fs/fuse/acl.o
  CC      fs/ext4/symlink.o
  CC      fs/fuse/passthrough.o
  CC      fs/f2fs/node.o
  CC      fs/ext4/sysfs.o
  AR      fs/fuse/fuse.o
  AR      fs/fuse/built-in.o
  CC      fs/incfs/data_mgmt.o
  CC      fs/ext4/xattr.o
  CC      fs/incfs/format.o
  CC      fs/incfs/integrity.o
  CC      fs/incfs/main.o
  CC      fs/ext4/xattr_trusted.o
  CC      fs/incfs/pseudo_files.o
  CC      fs/f2fs/segment.o
  CC      fs/ext4/xattr_user.o
  CC      fs/incfs/vfs.o
  CC      fs/ext4/acl.o
  CC      fs/ext4/xattr_security.o
  AR      fs/incfs/incrementalfs.o
  AR      fs/incfs/built-in.o
  CC      fs/isofs/namei.o
  CC      fs/ext4/verity.o
  CC      fs/isofs/inode.o
  AR      fs/ext4/ext4.o
  AR      fs/ext4/built-in.o
  CC      fs/jbd2/transaction.o
  CC      fs/isofs/dir.o
  CC      fs/f2fs/recovery.o
  CC      fs/isofs/util.o
  CC      fs/isofs/rock.o
  CC      fs/jbd2/commit.o
  CC      fs/isofs/export.o
  CC      fs/f2fs/shrinker.o
  CC      fs/isofs/joliet.o
  CC      fs/jbd2/recovery.o
  CC      fs/f2fs/extent_cache.o
  CC      fs/isofs/compress.o
  AR      fs/isofs/isofs.o
  AR      fs/isofs/built-in.o
  CC      fs/kernfs/mount.o
  CC      fs/jbd2/checkpoint.o
  CC      fs/f2fs/sysfs.o
  CC      fs/kernfs/inode.o
  CC      fs/jbd2/revoke.o
  CC      fs/kernfs/dir.o
  CC      fs/jbd2/journal.o
  CC      fs/f2fs/debug.o
  CC      fs/f2fs/xattr.o
  CC      fs/kernfs/file.o
  CC      fs/f2fs/acl.o
  CC      fs/kernfs/symlink.o
  AR      fs/jbd2/jbd2.o
  AR      fs/jbd2/built-in.o
  CC      fs/nls/nls_base.o
  AR      fs/kernfs/built-in.o
  CC      fs/notify/fsnotify.o
  CC      fs/f2fs/verity.o
  CC      fs/nls/nls_cp437.o
  CC      fs/f2fs/compress.o
  CC      fs/nls/nls_cp950.o
  CC      fs/notify/notification.o
  CC      fs/nls/nls_ascii.o
  CC      fs/nls/nls_iso8859-1.o
  CC      fs/notify/group.o
  CC      fs/nls/nls_utf8.o
  AR      fs/f2fs/f2fs.o
  AR      fs/f2fs/built-in.o
  CC      fs/ntfs/aops.o
  AR      fs/nls/built-in.o
  CC      fs/notify/mark.o
  CC      fs/overlayfs/super.o
  CC      fs/notify/fdinfo.o
  CC      fs/overlayfs/namei.o
  CC      fs/ntfs/attrib.o
  CC      fs/notify/dnotify/dnotify.o
  CC      fs/overlayfs/util.o
  CC      fs/ntfs/collate.o
  AR      fs/notify/dnotify/built-in.o
  AR      fs/notify/fanotify/built-in.o
  CC      fs/notify/inotify/inotify_fsnotify.o
  CC      fs/overlayfs/inode.o
  CC      fs/ntfs/compress.o
  CC      fs/notify/inotify/inotify_user.o
  CC      fs/overlayfs/dir.o
  AR      fs/notify/inotify/built-in.o
  AR      fs/notify/built-in.o
  CC      fs/ntfs/debug.o
  CC      fs/overlayfs/readdir.o
  CC      fs/ntfs/dir.o
  CC      fs/proc/task_mmu.o
  CC      fs/overlayfs/copy_up.o
  CC      fs/ntfs/file.o
  CC      fs/proc/inode.o
  CC      fs/ntfs/index.o
  AR      fs/overlayfs/overlay.o
  AR      fs/overlayfs/built-in.o
  CC      fs/ntfs/inode.o
  CC      fs/proc/root.o
  CC      fs/ntfs/mft.o
  CC      fs/proc/base.o
  CC      fs/proc/generic.o
  CC      fs/ntfs/mst.o
  CC      fs/ntfs/namei.o
  CC      fs/proc/array.o
  CC      fs/ntfs/runlist.o
  CC      fs/proc/fd.o
  CC      fs/proc/proc_tty.o
  CC      fs/ntfs/super.o
  CC      fs/proc/cmdline.o
  CHK     kernel/config_data.h
  UPD     kernel/config_data.h
  CC [M]  kernel/kheaders.o
  CC      fs/proc/consoles.o
  CC      fs/proc/cpuinfo.o
  CC      kernel/configs.o
  CC      fs/proc/devices.o
  CC      fs/proc/interrupts.o
  AR      kernel/built-in.o
  CC      fs/ntfs/sysctl.o
  CC      fs/proc/loadavg.o
  CC      fs/proc/meminfo.o
  CC      fs/ntfs/unistr.o
  CC      crypto/api.o
  CC      fs/proc/stat.o
  CC      fs/proc/uptime.o
  CC      fs/ntfs/upcase.o
  CC      fs/proc/version.o
  CC      block/bio.o
  AR      fs/ntfs/ntfs.o
  AR      fs/ntfs/built-in.o
  CC      fs/pstore/inode.o
  CC      fs/proc/softirqs.o
  CC      crypto/cipher.o
  CC      fs/proc/namespaces.o
  CC      fs/pstore/platform.o
  CC      crypto/compress.o
  CC      fs/proc/self.o
  CC      crypto/memneq.o
  CC      fs/proc/thread_self.o
  CC      fs/pstore/pmsg.o
  CC      block/elevator.o
  CC      fs/proc/fslog.o
  CC      fs/pstore/ram.o
  CC      crypto/crypto_wq.o
  CC      fs/proc/serial_num.o
  CC      fs/pstore/ram_core.o
  CC      fs/proc/wt_em.o
  CC      crypto/algapi.o
  CC      block/blk-core.o
  CC      fs/proc/wt_rp.o
  AR      fs/pstore/pstore.o
  AR      fs/pstore/ramoops.o
  AR      fs/pstore/built-in.o
  CC      fs/proc/secboot_fuse.o
  CC      fs/proc/uid.o
  CC      fs/proc/proc_sysctl.o
  CC      fs/proc/proc_net.o
  CC      crypto/scatterwalk.o
  CC      fs/proc/kmsg.o
  CC      fs/proc/page.o
  CC      crypto/proc.o
  CC      crypto/aead.o
  AR      fs/proc/proc.o
  AR      fs/proc/built-in.o
  CC      fs/quota/dquot.o
  CC      fs/quota/quota_v2.o
  CC      block/blk-tag.o
  CC      fs/quota/quota_tree.o
  CC      crypto/ablkcipher.o
  CC      block/blk-sysfs.o
  CC      block/blk-flush.o
  CC      fs/quota/quota.o
  CC      crypto/blkcipher.o
  CC      crypto/skcipher.o
  CC      block/blk-settings.o
  CC      fs/quota/kqid.o
  CC      crypto/seqiv.o
  CC      fs/quota/netlink.o
  CC      block/blk-ioc.o
  CC      crypto/echainiv.o
  CC      crypto/ahash.o
  AR      fs/quota/built-in.o
  CC      fs/ramfs/inode.o
  CC      fs/ramfs/file-mmu.o
  CC      block/blk-map.o
  CC      block/blk-exec.o
  AR      fs/ramfs/ramfs.o
  AR      fs/ramfs/built-in.o
  CC      fs/sdcardfs/dentry.o
  CC      crypto/shash.o
  CC      fs/sdcardfs/file.o
  CC      block/blk-merge.o
  CC      block/blk-softirq.o
  CC      fs/sdcardfs/inode.o
  CC      crypto/akcipher.o
  CC      crypto/kpp.o
  CC      fs/sdcardfs/main.o
  CC      block/blk-timeout.o
  ASN.1   crypto/rsapubkey-asn1.c
  ASN.1   crypto/rsaprivkey-asn1.c
  CC      crypto/rsa.o
  CC      crypto/rsa_helper.o
  CC      fs/sdcardfs/super.o
  CC      fs/sdcardfs/lookup.o
  CC      block/blk-lib.o
  CC      crypto/rsa-pkcs1pad.o
  CC      fs/sdcardfs/mmap.o
  CC      crypto/acompress.o
  CC      fs/sdcardfs/packagelist.o
  CC      crypto/scompress.o
  CC      block/blk-mq.o
  CC      block/blk-mq-tag.o
  CC      crypto/algboss.o
  CC      fs/sdcardfs/derived_perm.o
  CC      crypto/testmgr.o
  CC      block/blk-stat.o
  AR      fs/sdcardfs/sdcardfs.o
  AR      fs/sdcardfs/built-in.o
  CC      fs/sdfat/sdfat.o
  CC      block/blk-mq-sysfs.o
  CC      crypto/cmac.o
  CC      crypto/hmac.o
  CC      fs/sdfat/core.o
  CC      crypto/xcbc.o
  CC      fs/sdfat/core_fat.o
  CC      block/blk-mq-cpumap.o
  CC      crypto/crypto_null.o
  CC      block/blk-mq-sched.o
  CC      block/ioctl.o
  CC      fs/sdfat/core_exfat.o
  CC      crypto/md5.o
  CC      fs/sdfat/api.o
  CC      drivers/amba/bus.o
  CC      block/genhd.o
  CC      crypto/sha1_generic.o
  CC      fs/sdfat/blkdev.o
  AR      drivers/amba/built-in.o
  CC      drivers/android/binderfs.o
  CC      crypto/sha256_generic.o
  CC      fs/sdfat/fatent.o
  CC      drivers/android/binder.o
  CC      block/partition-generic.o
  CC      fs/sdfat/amap_smart.o
  CC      crypto/sha512_generic.o
  CC      fs/sdfat/cache.o
  CC      block/ioprio.o
  CC      crypto/gf128mul.o
  CC      fs/sdfat/dfr.o
  CC      fs/sdfat/nls.o
  CC      block/badblocks.o
  CC      crypto/ecb.o
  CC      fs/sdfat/misc.o
  CC      crypto/cbc.o
  CC      block/partitions/check.o
  CC      block/partitions/msdos.o
  CC      crypto/cts.o
  CC      fs/sdfat/mpage.o
  CC      drivers/android/binder_alloc.o
  CC      crypto/xts.o
  CC      block/partitions/efi.o
  CC      fs/sdfat/extent.o
  CC      fs/sdfat/statistics.o
  AR      drivers/android/built-in.o
  AR      drivers/auxdisplay/built-in.o
  AR      block/partitions/built-in.o
  CC      block/scsi_ioctl.o
  CC      drivers/base/component.o
  CC      crypto/ctr.o
  AR      fs/sdfat/sdfat_fs.o
  AR      fs/sdfat/built-in.o
  CC      fs/sysfs/file.o
  CC      drivers/base/core.o
  CC      crypto/gcm.o
  CC      fs/sysfs/dir.o
  CC      block/blk-cgroup.o
  CC      fs/sysfs/symlink.o
  CC      crypto/ccm.o
  CC      fs/sysfs/mount.o
  CC      block/noop-iosched.o
  CC      drivers/base/bus.o
  CC      crypto/chacha20poly1305.o
  CC      fs/sysfs/group.o
  CC      block/deadline-iosched.o
  AR      fs/sysfs/built-in.o
  CC      fs/tracefs/inode.o
  CC      crypto/cryptd.o
  CC      drivers/base/dd.o
  CC      block/cfq-iosched.o
  AR      fs/tracefs/tracefs.o
  AR      fs/tracefs/built-in.o
  SHIPPED fs/unicode/utf8data.h
  CC      fs/unicode/utf8-core.o
  CC      drivers/base/syscore.o
  CC      fs/unicode/utf8-norm.o
  CC      crypto/des_generic.o
  AR      fs/unicode/unicode.o
  AR      fs/unicode/built-in.o
  CC      fs/verity/enable.o
  CC      block/mq-deadline.o
  CC      crypto/blowfish_generic.o
  CC      drivers/base/driver.o
  CC      crypto/blowfish_common.o
  CC      block/kyber-iosched.o
  CC      drivers/base/class.o
  CC      fs/verity/hash_algs.o
  CC      block/compat_ioctl.o
  CC      crypto/twofish_generic.o
  CC      drivers/base/platform.o
  CC      fs/verity/init.o
  CC      crypto/twofish_common.o
  CC      fs/verity/measure.o
  CC      block/blk-mq-virtio.o
  CC      crypto/aes_generic.o
  CC      fs/verity/open.o
  CC      drivers/base/cpu.o
  CC      block/keyslot-manager.o
  CC      crypto/arc4.o
  CC      fs/verity/verify.o
  CC      drivers/base/firmware.o
  CC      crypto/chacha_generic.o
  CC      drivers/base/init.o
  CC      fs/verity/signature.o
  CC      block/bio-crypt-ctx.o
  CC      drivers/base/map.o
  AR      fs/verity/built-in.o
  CC      fs/eventpoll.o
  CC      crypto/poly1305_generic.o
  CC      drivers/base/devres.o
  CC      block/blk-crypto.o
  CC      crypto/deflate.o
  CC      drivers/base/attribute_container.o
  CC      block/blk-crypto-fallback.o
  CC      fs/anon_inodes.o
  CC      crypto/crc32c_generic.o
  CC      drivers/base/transport_class.o
  CC      fs/signalfd.o
  AR      block/built-in.o
  CC      fs/timerfd.o
  CC      crypto/crc32_generic.o
  CC      drivers/base/topology.o
  CC      crypto/authenc.o
  CC      crypto/authencesn.o
  CC      fs/eventfd.o
  CC      drivers/base/container.o
  CC      drivers/base/property.o
  CC      crypto/lzo.o
  CC      crypto/lz4.o
  CC      fs/aio.o
  CC      crypto/rng.o
  CC      crypto/drbg.o
  CC      crypto/jitterentropy.o
  CC      crypto/jitterentropy-kcapi.o
  CC      drivers/base/cacheinfo.o
  CC      drivers/base/power/sysfs.o
  CC      crypto/ghash-generic.o
  CC      fs/locks.o
  CC      fs/compat.o
  CC      drivers/base/power/generic_ops.o
  CC      crypto/zstd.o
  CC      crypto/asymmetric_keys/asymmetric_type.o
  CC      fs/compat_ioctl.o
  CC      drivers/base/power/common.o
  CC      crypto/asymmetric_keys/restrict.o
  CC      crypto/asymmetric_keys/signature.o
  CC      drivers/base/power/qos.o
  CC      fs/binfmt_script.o
  CC      crypto/asymmetric_keys/public_key.o
  CC      fs/binfmt_elf.o
  CC      drivers/base/power/runtime.o
  CC      fs/compat_binfmt_elf.o
  ASN.1   crypto/asymmetric_keys/x509-asn1.c
  ASN.1   crypto/asymmetric_keys/x509_akid-asn1.c
  CC      crypto/asymmetric_keys/x509_public_key.o
  ASN.1   crypto/asymmetric_keys/pkcs7-asn1.c
  CC      crypto/asymmetric_keys/pkcs7_trust.o
  CC      crypto/asymmetric_keys/pkcs7_verify.o
  CC      drivers/base/power/wakeirq.o
  CC      drivers/base/power/main.o
  CC      fs/mbcache.o
  AR      crypto/asymmetric_keys/asymmetric_keys.o
  CC      crypto/asymmetric_keys/x509-asn1.o
  CC      crypto/asymmetric_keys/x509_akid-asn1.o
  CC      crypto/asymmetric_keys/x509_cert_parser.o
  CC      fs/posix_acl.o
  CC      fs/coredump.o
  CC      crypto/asymmetric_keys/pkcs7-asn1.o
  CC      crypto/asymmetric_keys/pkcs7_parser.o
  CC      fs/drop_caches.o
  CC      drivers/base/power/wakeup.o
  AR      crypto/asymmetric_keys/x509_key_parser.o
  AR      crypto/asymmetric_keys/pkcs7_message.o
  AR      crypto/asymmetric_keys/built-in.o
  CC      crypto/hash_info.o
  CC      crypto/simd.o
  CC      fs/dcookies.o
  CC      drivers/base/power/wakeup_stats.o
  CC      drivers/base/power/opp/core.o
  AR      crypto/crypto.o
  AR      crypto/crypto_algapi.o
  AR      crypto/crypto_blkcipher.o
  AR      crypto/crypto_hash.o
  CC      crypto/rsapubkey-asn1.o
  CC      drivers/block/brd.o
  AR      fs/built-in.o
  CC      drivers/block/loop.o
  CC      crypto/rsaprivkey-asn1.o
  AR      crypto/crypto_acompress.o
  AR      crypto/cryptomgr.o
  AR      crypto/jitterentropy_rng.o
  AR      crypto/crypto_simd.o
  AR      crypto/rsa_generic.o
  AR      crypto/built-in.o
  CC      sound/sound_core.o
  AR      sound/arm/built-in.o
  AR      sound/atmel/built-in.o
  CC      sound/core/sound.o
  CC      drivers/base/power/opp/cpu.o
  CC      sound/core/init.o
  CC      sound/core/memory.o
  CC      drivers/block/zram/zcomp.o
  CC      drivers/base/power/opp/of.o
  CC      drivers/block/zram/zram_drv.o
  CC      sound/core/control.o
  CC      sound/core/misc.o
  AR      drivers/base/power/opp/built-in.o
  CC      drivers/base/power/clock_ops.o
  CC      sound/core/device.o
  AR      drivers/base/power/built-in.o
  CC      drivers/base/regmap/regmap.o
  AR      drivers/bus/built-in.o
  AR      drivers/cdrom/built-in.o
  CC      drivers/char/mem.o
  AR      drivers/block/zram/zram.o
  AR      drivers/block/zram/built-in.o
  AR      drivers/block/built-in.o
  CC      drivers/char/random.o
  CC      sound/core/info.o
  CC      drivers/char/misc.o
  CC      sound/core/ctljack.o
  AR      drivers/char/agp/built-in.o
  CC      drivers/char/hw_random/core.o
  CC      sound/core/jack.o
  CC      drivers/base/regmap/regcache.o
  CC      drivers/base/regmap/regcache-rbtree.o
  CC      sound/core/hwdep.o
  CC      drivers/char/hw_random/mt67xx-rng.o
  CC      sound/core/timer.o
  AR      drivers/char/hw_random/rng-core.o
  AR      drivers/char/hw_random/built-in.o
../drivers/misc/tzdev/Makefile.include:2: "CONFIG_MTK_PLATFORM: "mt6853""
../drivers/misc/tzdev/Makefile.include:3: "CONFIG_TEEGRIS_VERSION_STRING: "4.2.0""
  CC      drivers/char/rpmb/rpmb-mtk.o
  CC      drivers/base/regmap/regcache-flat.o
  CC      drivers/char/rpmb/core.o
  CC      drivers/base/regmap/regmap-i2c.o
  CC      sound/core/hrtimer.o
  AR      drivers/char/rpmb/rpmb.o
  AR      drivers/char/rpmb/built-in.o
  AR      drivers/char/built-in.o
  CC      sound/core/pcm.o
  CC      drivers/base/regmap/regmap-spi.o
  CC      sound/core/pcm_native.o
  CC      drivers/base/regmap/regmap-spmi.o
  CC      drivers/base/regmap/regmap-mmio.o
  CC      sound/core/pcm_lib.o
  CC      sound/core/pcm_misc.o
  AR      drivers/base/regmap/built-in.o
  AR      drivers/base/test/built-in.o
  CC      drivers/base/dma-mapping.o
  CC      drivers/base/dma-coherent.o
  CC      drivers/base/firmware_class.o
  CC      sound/core/pcm_memory.o
  CC      sound/core/memalloc.o
  CC      sound/core/pcm_timer.o
  CC      sound/core/seq_device.o
  CC      sound/core/rawmidi.o
  CC      drivers/base/module.o
  CC      sound/core/seq/seq.o
  CC      drivers/base/soc.o
  CC      sound/core/seq/seq_lock.o
  CC      drivers/base/pinctrl.o
  AR      sound/core/snd.o
  CC      drivers/base/arch_topology.o
  AR      sound/core/snd-hwdep.o
  CC      sound/core/seq/seq_clientmgr.o
  AR      sound/core/snd-timer.o
  CC      sound/core/seq/seq_memory.o
  AR      sound/core/snd-hrtimer.o
  AR      sound/core/snd-pcm.o
  AR      sound/core/snd-seq-device.o
  AR      sound/core/snd-rawmidi.o
  CC      sound/core/seq/seq_queue.o
  AR      drivers/base/built-in.o
  AR      drivers/char/ipmi/built-in.o
  CC      drivers/clk/clk-devres.o
  CC      drivers/clk/clk-bulk.o
  CC      sound/core/seq/seq_fifo.o
  CC      sound/core/seq/seq_prioq.o
  CC      drivers/clk/clkdev.o
  CC      sound/core/seq/seq_timer.o
  CC      drivers/clk/clk.o
  CC      drivers/clk/clk-divider.o
  CC      sound/core/seq/seq_system.o
  CC      sound/core/seq/seq_ports.o
  CC      drivers/clk/clk-fixed-factor.o
  CC      sound/core/seq/seq_info.o
  CC      sound/core/seq/seq_dummy.o
  CC      sound/core/seq/seq_midi.o
  CC      drivers/clk/clk-fixed-rate.o
  AR      sound/drivers/mpu401/built-in.o
  AR      sound/drivers/opl3/built-in.o
  AR      sound/drivers/opl4/built-in.o
  AR      sound/drivers/pcsp/built-in.o
  AR      sound/drivers/vx/built-in.o
  AR      sound/drivers/built-in.o
  AR      sound/firewire/built-in.o
  AR      sound/hda/built-in.o
  AR      sound/i2c/other/built-in.o
  AR      sound/i2c/built-in.o
  AR      sound/isa/ad1816a/built-in.o
  CC      sound/core/seq/seq_midi_event.o
  AR      sound/isa/ad1848/built-in.o
  AR      sound/isa/cs423x/built-in.o
  AR      sound/isa/es1688/built-in.o
  AR      sound/isa/galaxy/built-in.o
  AR      sound/isa/gus/built-in.o
  AR      sound/isa/msnd/built-in.o
  AR      sound/isa/opti9xx/built-in.o
  AR      sound/isa/sb/built-in.o
  AR      sound/isa/wavefront/built-in.o
  AR      sound/isa/wss/built-in.o
  AR      sound/isa/built-in.o
  AR      sound/mips/built-in.o
  AR      sound/parisc/built-in.o
  AR      sound/pcmcia/pdaudiocf/built-in.o
  AR      sound/pcmcia/vx/built-in.o
  AR      sound/pci/ac97/built-in.o
  AR      sound/pcmcia/built-in.o
  AR      sound/pci/ali5451/built-in.o
  AR      sound/ppc/built-in.o
  AR      sound/pci/asihpi/built-in.o
  AR      sound/sh/built-in.o
  AR      sound/pci/au88x0/built-in.o
  AR      sound/pci/aw2/built-in.o
  AR      sound/pci/ca0106/built-in.o
  CC      sound/soc/soc-core.o
  AR      sound/pci/cs46xx/built-in.o
  CC      drivers/clk/clk-gate.o
  AR      sound/pci/cs5535audio/built-in.o
  AR      sound/pci/ctxfi/built-in.o
  AR      sound/pci/echoaudio/built-in.o
  AR      sound/pci/emu10k1/built-in.o
  AR      sound/pci/hda/built-in.o
  AR      sound/pci/ice1712/built-in.o
  AR      sound/pci/korg1212/built-in.o
  AR      sound/pci/lola/built-in.o
  AR      sound/pci/lx6464es/built-in.o
  AR      sound/pci/mixart/built-in.o
  AR      sound/pci/nm256/built-in.o
  AR      sound/pci/oxygen/built-in.o
  AR      sound/pci/pcxhr/built-in.o
  AR      sound/pci/riptide/built-in.o
  AR      sound/pci/rme9652/built-in.o
  AR      sound/pci/trident/built-in.o
  AR      sound/pci/vx222/built-in.o
  AR      sound/pci/ymfpci/built-in.o
  AR      sound/pci/built-in.o
  AR      sound/sparc/built-in.o
  AR      sound/spi/built-in.o
  AR      sound/synth/emux/built-in.o
  AR      sound/synth/built-in.o
  CC      drivers/clk/clk-multiplier.o
  AR      sound/core/seq/snd-seq.o
  AR      sound/core/seq/snd-seq-dummy.o
  AR      sound/core/seq/snd-seq-midi.o
  AR      sound/core/seq/snd-seq-midi-event.o
  AR      sound/core/seq/built-in.o
  AR      sound/core/built-in.o
  CC      sound/usb/card.o
  CC      sound/soc/soc-dapm.o
  CC      drivers/clk/clk-mux.o
  CC      sound/usb/clock.o
  CC      drivers/clk/clk-composite.o
  CC      sound/usb/endpoint.o
  CC      drivers/clk/clk-fractional-divider.o
  CC      sound/soc/soc-jack.o
  CC      sound/usb/format.o
  CC      drivers/clk/clk-gpio.o
  CC      sound/soc/soc-cache.o
  CC      sound/usb/helper.o
  CC      drivers/clk/clk-conf.o
  CC      sound/soc/soc-utils.o
  CC      sound/usb/mixer.o
  CC      sound/soc/soc-pcm.o
  CC      drivers/clk/clk-xgene.o
  CC      sound/soc/soc-io.o
  CC      sound/usb/mixer_quirks.o
  AR      drivers/clk/bcm/built-in.o
  AR      drivers/clk/imgtec/built-in.o
  CC      drivers/clk/mediatek/clk-fixup-div.o
  CC      drivers/clk/mediatek/clk-mtk.o
  CC      sound/soc/soc-devres.o
  CC      sound/soc/soc-ops.o
  CC      sound/usb/mixer_scarlett.o
  CC      drivers/clk/mediatek/clk-pll.o
  CC      drivers/clk/mediatek/clk-gate.o
  CC      sound/usb/mixer_us16x08.o
  AR      sound/soc/adi/built-in.o
  CC      sound/usb/pcm.o
  AR      sound/soc/amd/built-in.o
  AR      sound/soc/atmel/built-in.o
  AR      sound/soc/au1x/built-in.o
  AR      sound/soc/bcm/built-in.o
  AR      sound/soc/blackfin/built-in.o
  AR      sound/soc/cirrus/built-in.o
  CC      sound/soc/codecs/mt6359.o
  CC      drivers/clk/mediatek/clk-apmixed.o
  CC      sound/usb/proc.o
  CC      drivers/clk/mediatek/clk-cpumux.o
  CC      drivers/clk/mediatek/clk-mux.o
  AR      sound/soc/davinci/built-in.o
  CC      sound/usb/quirks.o
  CC      drivers/clk/mediatek/clkchk.o
  CC      sound/usb/stream.o
  CC      drivers/clk/mediatek/clk-mt6833.o
  CC      sound/usb/midi.o
  CC      sound/soc/codecs/rt5509.o
  CC      drivers/clk/mediatek/clk-mt6833-pg.o
  CC      drivers/clk/mediatek/clk-mtk-v1.o
  AR      sound/usb/6fire/built-in.o
  AR      sound/usb/bcd2000/built-in.o
  AR      sound/usb/caiaq/built-in.o
  AR      sound/usb/hiface/built-in.o
  AR      sound/usb/misc/built-in.o
  AR      sound/usb/usx2y/built-in.o
  AR      sound/usb/snd-usb-audio.o
  CC      drivers/clk/mediatek/clkdbg.o
  AR      sound/usb/snd-usbmidi-lib.o
  AR      sound/usb/built-in.o
  AR      sound/x86/built-in.o
  CC      sound/last.o
  CC      sound/soc/codecs/rt5509-regmap.o
  CC      drivers/clk/mediatek/clkdbg-mt6833.o
  AR      sound/soundcore.o
  CC      drivers/clk/mediatek/clkchk-mt6833.o
  CC      drivers/clk/mediatek/clk-bringup.o
  AR      sound/soc/dwc/built-in.o
  AR      sound/soc/fsl/built-in.o
  AR      sound/soc/generic/built-in.o
  AR      sound/soc/hisilicon/built-in.o
  AR      sound/soc/img/built-in.o
  AR      sound/soc/intel/boards/built-in.o
  AR      sound/soc/intel/built-in.o
  AR      sound/soc/jz4740/built-in.o
  AR      sound/soc/kirkwood/built-in.o
  CC      sound/soc/mediatek/common/mtk-mmap-ion.o
  CC      sound/soc/mediatek/common/mtk-afe-platform-driver.o
  CC      sound/soc/codecs/rt5509-calib.o
  CC      drivers/clk/mediatek/clk-fmeter-mt6833.o
  AR      sound/soc/codecs/snd-soc-mt6359.o
  CC      sound/soc/mediatek/common/mtk-afe-fe-dai.o
  CC      drivers/clk/mediatek/clk-mt6833-audsys.o
  CC      drivers/clk/mediatek/clk-mt6833-cam_m.o
  CC      sound/soc/mediatek/common/mtk-sram-manager.o
  AR      sound/soc/codecs/snd-soc-rt5509.o
  AR      sound/soc/codecs/built-in.o
  CC      sound/soc/mediatek/common/mtk-sp-pcm-ops.o
  CC      drivers/clk/mediatek/clk-mt6833-cam_ra.o
  CC      drivers/clk/mediatek/clk-mt6833-cam_rb.o
  AR      drivers/clk/mvebu/built-in.o
  CC      sound/soc/mediatek/common/mtk-afe-debug.o
  AR      drivers/clk/renesas/built-in.o
  CC      sound/soc/mediatek/common/mtk-sp-spk-amp.o
  CC      drivers/clk/mediatek/clk-mt6833-imgsys1.o
  CC      sound/soc/mediatek/common/mtk-usip.o
  CC      sound/soc/mediatek/common/mtk-btcvsd.o
  CC      drivers/clk/mediatek/clk-mt6833-imgsys2.o
  AR      sound/soc/mediatek/common/snd-soc-mtk-common.o
  CC      drivers/clk/mediatek/clk-mt6833-impc.o
  AR      sound/soc/mediatek/common/snd-soc-mtk-sp-common.o
  CC      drivers/clk/mediatek/clk-mt6833-impe.o
  CC      drivers/clk/mediatek/clk-mt6833-impn.o
  CC      drivers/clk/mediatek/clk-mt6833-imps.o
  CC      drivers/clk/mediatek/clk-mt6833-impw.o
  AR      sound/soc/mediatek/common/built-in.o
  CC      sound/soc/mediatek/mt6833/mt6833-afe-pcm.o
  CC      drivers/clk/mediatek/clk-mt6833-impws.o
  CC      drivers/clk/mediatek/clk-mt6833-ipe.o
  CC      sound/soc/mediatek/sia81xx/sia81xx.o
  CC      sound/soc/mediatek/mt6833/mt6833-afe-clk.o
  CC      drivers/clk/mediatek/clk-mt6833-mdp.o
  CC      drivers/clk/mediatek/clk-mt6833-mfgcfg.o
  CC      sound/soc/mediatek/mt6833/mt6833-afe-gpio.o
  CC      sound/soc/mediatek/mt6833/mt6833-dai-adda.o
  CC      drivers/clk/mediatek/clk-mt6833-mm.o
  CC      sound/soc/mediatek/sia81xx/sia81xx_regmap.o
  CC      sound/soc/mediatek/sia81xx/sia81xx_aux_dev_if.o
  CC      sound/soc/mediatek/mt6833/mt6833-afe-control.o
  CC      drivers/clk/mediatek/clk-mt6833-vdec.o
  CC      drivers/clk/mediatek/clk-mt6833-venc.o
  CC      sound/soc/mediatek/sia81xx/sia81xx_set_vdd.o
  AR      drivers/clk/mediatek/built-in.o
  AR      drivers/clk/ti/built-in.o
  AR      drivers/clk/built-in.o
  CC      sound/soc/mediatek/sia81xx/sia8101_regs.o
  CC      drivers/clocksource/timer-of.o
  CC      sound/soc/mediatek/mt6833/mt6833-dai-i2s.o
  CC      sound/soc/mediatek/sia81xx/sia8108_regs.o
  CC      sound/soc/mediatek/sia81xx/sia8109_regs.o
  CC      drivers/clocksource/timer-probe.o
  CC      sound/soc/mediatek/mt6833/mt6833-dai-hw-gain.o
  CC      drivers/clocksource/mmio.o
  CC      sound/soc/mediatek/sia81xx/sia8152_regs.o
  CC      drivers/clocksource/mtk_apxgpt.o
  CC      drivers/clocksource/mtk_systimer.o
  CC      sound/soc/mediatek/sia81xx/sia81xx_timer_task.o
  CC      sound/soc/mediatek/mt6833/mt6833-dai-src.o
  CC      drivers/clocksource/arm_arch_timer.o
  CC      sound/soc/mediatek/sia81xx/sia81xx_socket.o
  CC      sound/soc/mediatek/sia81xx/sia81xx_tuning_if_dev.o
  CC      sound/soc/mediatek/mt6833/mt6833-dai-pcm.o
  CC      sound/soc/mediatek/mt6833/mt6833-dai-hostless.o
  AR      sound/soc/mediatek/sia81xx/snd-soc-sia81xx.o
  AR      sound/soc/mediatek/sia81xx/built-in.o
  CC      sound/soc/mediatek/mt6833/mt6833-misc-control.o
  CC      sound/soc/mediatek/mt6833/mt6833-mt6359.o
  CC      drivers/clocksource/dummy_timer.o
  AR      drivers/clocksource/built-in.o
  CC      drivers/cpuidle/cpuidle.o
  CC      drivers/cpufreq/cpufreq.o
  CC      drivers/cpuidle/driver.o
  AR      sound/soc/mxs/built-in.o
  AR      sound/soc/nuc900/built-in.o
  AR      sound/soc/omap/built-in.o
  AR      sound/soc/pxa/built-in.o
  AR      sound/soc/qcom/built-in.o
  AR      sound/soc/rockchip/built-in.o
  AR      sound/soc/samsung/built-in.o
  AR      sound/soc/sh/built-in.o
  AR      sound/soc/sirf/built-in.o
  CC      drivers/cpuidle/governor.o
  CC      drivers/cpuidle/sysfs.o
  AR      sound/soc/spear/built-in.o
  AR      sound/soc/sti/built-in.o
  CC      drivers/cpufreq/freq_table.o
  CC      drivers/cpuidle/governors/menu.o
  CC      drivers/cpuidle/governors/mtk_menu.o
  AR      sound/soc/mediatek/mt6833/snd-soc-mt6833-afe.o
  AR      sound/soc/mediatek/mt6833/built-in.o
  AR      sound/soc/mediatek/built-in.o
  AR      sound/soc/stm/built-in.o
  AR      sound/soc/sunxi/built-in.o
  AR      sound/soc/tegra/built-in.o
  AR      sound/soc/txx9/built-in.o
  CC      drivers/cpufreq/cpufreq_stats.o
  AR      sound/soc/ux500/built-in.o
  AR      sound/soc/xtensa/built-in.o
  AR      sound/soc/zte/built-in.o
  AR      sound/soc/snd-soc-core.o
  AR      sound/soc/built-in.o
  AR      sound/built-in.o
  CC      drivers/cpufreq/cpufreq_times.o
  CC      drivers/cpufreq/cpufreq_performance.o
  AR      drivers/cpuidle/governors/built-in.o
  CC      drivers/cpuidle/dt_idle_states.o
  CC      drivers/cpufreq/cpufreq_powersave.o
  CC      drivers/cpuidle/cpuidle-mediatek.o
  CC      drivers/cpufreq/cpufreq_userspace.o
  CC      drivers/cpufreq/cpufreq_ondemand.o
  AR      drivers/crypto/built-in.o
  CC      drivers/dax/super.o
  MK_FW   firmware/valhall-1691526.wa.gen.S
  MK_FW   firmware/AbovCapSense.BIN.gen.S
  MK_FW   firmware/AbovCapSenseLA.BIN.gen.S
  MK_FW   firmware/tsp_novatek/nt36525_a32_5g_csot.bin.gen.S
  MK_FW   firmware/tsp_novatek/nt36525_a13_5g_csot.bin.gen.S
  MK_FW   firmware/tsp_novatek/nt36525_a02_csot.bin.gen.S
  MK_FW   firmware/tsp_novatek/NT36525C_BOE_06517_HDp.bin.gen.S
  AS      firmware/valhall-1691526.wa.gen.o
  AR      drivers/cpuidle/built-in.o
  CC      drivers/devfreq/devfreq.o
  AS      firmware/AbovCapSense.BIN.gen.o
  AS      firmware/AbovCapSenseLA.BIN.gen.o
  AS      firmware/tsp_novatek/nt36525_a32_5g_csot.bin.gen.o
  AS      firmware/tsp_novatek/nt36525_a13_5g_csot.bin.gen.o
  CC      drivers/cpufreq/cpufreq_governor.o
  AS      firmware/tsp_novatek/nt36525_a02_csot.bin.gen.o
  AS      firmware/tsp_novatek/NT36525C_BOE_06517_HDp.bin.gen.o
  AR      firmware/built-in.o
  CC      drivers/devfreq/governor_simpleondemand.o
  AR      drivers/dax/dax.o
  AR      drivers/dax/built-in.o
  CC      drivers/devfreq/helio-dvfsrc-v3/helio-dvfsrc-qos.o
  CC      drivers/devfreq/helio-dvfsrc-v3/helio-dvfsrc-sysfs.o
  CC      drivers/devfreq/helio-dvfsrc-v3/helio-dvfsrc-opp.o
  CC      drivers/cpufreq/cpufreq_governor_attr_set.o
  CC      drivers/dma/dmaengine.o
  CC      drivers/dma/virt-dma.o
  CC      drivers/devfreq/helio-dvfsrc-v3/helio-dvfsrc-opp-mt6833.o
  AR      drivers/cpufreq/built-in.o
  CC      drivers/dma-buf/dma-buf.o
  CC      drivers/devfreq/helio-dvfsrc-v3/helio-dvfsrc-mt6833.o
  CC      drivers/dma-buf/dma-fence.o
  CC      drivers/dma/of-dma.o
  CC      drivers/dma-buf/dma-fence-array.o
  CC      drivers/devfreq/helio-dvfsrc-v3/helio-dvfsrc-ip-v2.o
  CC      drivers/dma/8250_mtk_dma.o
  CC      drivers/dma-buf/reservation.o
  CC      drivers/dma-buf/seqno-fence.o
  CC      drivers/devfreq/helio-dvfsrc-v3/helio-dvfsrc-smc-control.o
  AR      drivers/dma/mediatek/built-in.o
  AR      drivers/dma/qcom/built-in.o
  CC      drivers/dma-buf/sync_file.o
  AR      drivers/dma/xilinx/built-in.o
  AR      drivers/dma/built-in.o
  CC      drivers/extcon/extcon.o
  CC      drivers/extcon/devres.o
  AR      drivers/devfreq/helio-dvfsrc-v3/built-in.o
  AR      drivers/devfreq/built-in.o
  AR      drivers/firewire/built-in.o
  CC      drivers/firmware/psci.o
  CC      drivers/gpio/devres.o
  AR      drivers/dma-buf/built-in.o
  AR      drivers/firmware/broadcom/built-in.o
  CC      drivers/gpu/drm/drm_crtc_helper.o
  AR      drivers/extcon/extcon-core.o
  AR      drivers/firmware/meson/built-in.o
  AR      drivers/extcon/built-in.o
  AR      drivers/firmware/tegra/built-in.o
  AR      drivers/firmware/built-in.o
  AR      drivers/hwtracing/intel_th/built-in.o
  CC      drivers/i2c/i2c-boardinfo.o
  CC      drivers/hid/hid-core.o
  CC      drivers/gpio/gpiolib.o
  CC      drivers/i2c/i2c-core-base.o
  CC      drivers/gpu/drm/drm_dp_helper.o
  CC      drivers/hid/hid-input.o
  CC      drivers/gpu/drm/drm_probe_helper.o
  CC      drivers/i2c/i2c-core-smbus.o
  CC      drivers/gpio/gpiolib-legacy.o
  CC      drivers/hid/hidraw.o
  CC      drivers/gpu/drm/drm_plane_helper.o
  CC      drivers/gpio/gpiolib-devprop.o
  CC      drivers/i2c/i2c-core-of.o
  CC      drivers/gpio/gpiolib-of.o
  CC      drivers/hid/uhid.o
  CC      drivers/gpu/drm/drm_dp_mst_topology.o
  CC      drivers/i2c/i2c-mux.o
  AR      drivers/gpio/built-in.o
  AR      drivers/idle/built-in.o
  CC      drivers/iio/industrialio-core.o
  CC      drivers/hid/hid-generic.o
  CC      drivers/hid/hid-a4tech.o
  CC      drivers/i2c/algos/i2c-algo-bit.o
  CC      drivers/hid/hid-axff.o
  CC      drivers/iio/industrialio-event.o
  AR      drivers/i2c/algos/built-in.o
  CC      drivers/i2c/busses/i2c-mtk.o
  CC      drivers/gpu/drm/drm_atomic_helper.o
  CC      drivers/hid/hid-apple.o
  CC      drivers/hid/hid-belkin.o
  CC      drivers/iio/inkern.o
  CC      drivers/hid/hid-cherry.o
  CC      drivers/hid/hid-chicony.o
  CC      drivers/i2c/busses/i2c-mtk_debug.o
  CC      drivers/gpu/drm/drm_kms_helper_common.o
  CC      drivers/iio/industrialio-buffer.o
  CC      drivers/hid/hid-cypress.o
  CC      drivers/gpu/drm/drm_dp_dual_mode_helper.o
  CC      drivers/hid/hid-dr.o
  AR      drivers/i2c/busses/built-in.o
  AR      drivers/i2c/muxes/built-in.o
  AR      drivers/i2c/i2c-core.o
  AR      drivers/i2c/built-in.o
  AR      drivers/iio/accel/built-in.o
  CC      drivers/iio/adc/mt6577_auxadc.o
  CC      drivers/hid/hid-emsff.o
  AR      drivers/iio/amplifiers/built-in.o
  CC      drivers/iio/buffer/kfifo_buf.o
  CC      drivers/iio/adc/mt635x-auxadc.o
  CC      drivers/hid/hid-elecom.o
  CC      drivers/gpu/drm/drm_simple_kms_helper.o
  CC      drivers/hid/hid-ezkey.o
  AR      drivers/iio/adc/built-in.o
  CC      drivers/hid/hid-gyration.o
  AR      drivers/iio/buffer/built-in.o
  AR      drivers/iio/chemical/built-in.o
  AR      drivers/iio/common/cros_ec_sensors/built-in.o
  CC      drivers/hid/hid-holtek-kbd.o
  AR      drivers/iio/common/hid-sensors/built-in.o
  AR      drivers/iio/common/ms_sensors/built-in.o
  AR      drivers/iio/common/ssp_sensors/built-in.o
  AR      drivers/iio/common/st_sensors/built-in.o
  AR      drivers/iio/common/built-in.o
  AR      drivers/iio/counter/built-in.o
  CC      drivers/hid/hid-holtek-mouse.o
  AR      drivers/iio/dac/built-in.o
  AR      drivers/iio/dummy/built-in.o
  AR      drivers/iio/frequency/built-in.o
  AR      drivers/iio/gyro/built-in.o
  AR      drivers/iio/health/built-in.o
  AR      drivers/iio/humidity/built-in.o
  AR      drivers/iio/imu/bmi160/built-in.o
  AR      drivers/iio/imu/inv_mpu6050/built-in.o
  AR      drivers/iio/imu/st_lsm6dsx/built-in.o
  AR      drivers/iio/imu/built-in.o
  AR      drivers/iio/light/built-in.o
  AR      drivers/iio/magnetometer/built-in.o
  CC      drivers/gpu/drm/drm_modeset_helper.o
  AR      drivers/iio/multiplexer/built-in.o
  AR      drivers/iio/orientation/built-in.o
  AR      drivers/iio/potentiometer/built-in.o
  AR      drivers/iio/potentiostat/built-in.o
  AR      drivers/iio/pressure/built-in.o
  AR      drivers/iio/proximity/built-in.o
  AR      drivers/iio/temperature/built-in.o
  AR      drivers/iio/trigger/built-in.o
  AR      drivers/iio/industrialio.o
  AR      drivers/iio/built-in.o
  CC      drivers/hid/hid-holtekff.o
  CC      drivers/input/input.o
  CC      drivers/hid/hid-kensington.o
  CC      drivers/hid/hid-keytouch.o
  CC      drivers/hid/hid-kye.o
  CC      drivers/gpu/drm/drm_scdc_helper.o
  CC      drivers/hid/hid-lcpower.o
  CC      drivers/hid/hid-lg.o
  AR      drivers/gpu/vga/built-in.o
  CC      drivers/hid/hid-lgff.o
  CC      drivers/hid/hid-lg2ff.o
  CC      drivers/input/input-compat.o
  CC      drivers/input/input-mt.o
  CC      drivers/gpu/drm/drm_gem_framebuffer_helper.o
  CC      drivers/hid/hid-lg3ff.o
  CC      drivers/input/ff-core.o
  CC      drivers/hid/hid-lg4ff.o
  CC      drivers/input/sec_cmd.o
  CC      drivers/gpu/drm/bridge/panel.o
  CC      drivers/input/ff-memless.o
  CC      drivers/input/input-leds.o
  CC      drivers/hid/hid-logitech-dj.o
  CC      drivers/hid/hid-logitech-hidpp.o
  CC      drivers/gpu/drm/drm_fb_helper.o
  CC      drivers/input/evdev.o
  CC      drivers/input/input_booster.o
  CC      drivers/hid/hid-magicmouse.o
  CC      drivers/hid/hid-microsoft.o
  CC      drivers/input/input_booster_mtk.o
  CC      drivers/hid/hid-monterey.o
  CC      drivers/hid/hid-multitouch.o
  CC      drivers/gpu/drm/drm_auth.o
  CC      drivers/input/fingerprint/chipone/fpsensor_spi_tee.o
  CC      drivers/hid/hid-nintendo.o
  CC      drivers/input/fingerprint/egis/etxxx_fp.o
  CC      drivers/hid/hid-ntrig.o
  CC      drivers/gpu/drm/drm_bufs.o
  AR      drivers/input/fingerprint/chipone/built-in.o
  CC      drivers/gpu/drm/drm_cache.o
  CC      drivers/hid/hid-ortek.o
  CC      drivers/hid/hid-prodikeys.o
  AR      drivers/input/fingerprint/egis/built-in.o
  CC      drivers/input/fingerprint/focaltech/ff_ctl.o
  CC      drivers/hid/hid-pl.o
  CC      drivers/hid/hid-petalynx.o
  CC      drivers/gpu/drm/drm_context.o
  CC      drivers/input/fingerprint/silead_fp/silead_fp.o
  AR      drivers/input/fingerprint/focaltech/focaltech_fp.o
  AR      drivers/input/fingerprint/focaltech/built-in.o
  CC      drivers/input/fingerprint/silead_fp/silead_fp_stub.o
  CC      drivers/hid/hid-picolcd_core.o
  CC      drivers/hid/hid-plantronics.o
  CC      drivers/gpu/drm/drm_dma.o
  CC      drivers/hid/hid-primax.o
  CC      drivers/hid/hid-roccat.o
  CC      drivers/gpu/drm/drm_file.o
  CC      drivers/hid/hid-roccat-common.o
  AR      drivers/input/fingerprint/silead_fp/built-in.o
  AR      drivers/input/fingerprint/built-in.o
  CC      drivers/input/joystick/xpad.o
  CC      drivers/gpu/drm/drm_gem.o
  CC      drivers/hid/hid-roccat-arvo.o
  CC      drivers/hid/hid-roccat-isku.o
  AR      drivers/input/joystick/built-in.o
  CC      drivers/input/keyboard/atkbd.o
  CC      drivers/input/keyboard/mediatek/kpd.o
  CC      drivers/hid/hid-roccat-kone.o
  CC      drivers/input/keyboard/mediatek/mt6853/hal_kpd.o
  CC      drivers/gpu/drm/drm_ioctl.o
  CC      drivers/gpu/drm/drm_irq.o
  CC      drivers/hid/hid-roccat-koneplus.o
  AR      drivers/input/keyboard/mediatek/mt6853/built-in.o
  AR      drivers/input/keyboard/mediatek/built-in.o
  AR      drivers/input/keyboard/built-in.o
  CC      drivers/input/misc/uinput.o
  CC      drivers/hid/hid-roccat-konepure.o
  CC      drivers/gpu/drm/drm_lock.o
  CC      drivers/gpu/drm/drm_memory.o
  CC      drivers/hid/hid-roccat-kovaplus.o
  CC      drivers/input/misc/abov_sar_mmi_overlay.o
  CC      drivers/hid/hid-roccat-lua.o
  CC      drivers/gpu/drm/drm_drv.o
  CC      drivers/gpu/drm/drm_scatter.o
  CC      drivers/hid/hid-roccat-pyra.o
  AR      drivers/input/misc/built-in.o
  CC      drivers/input/tablet/acecad.o
  CC      drivers/input/tablet/aiptek.o
  CC      drivers/hid/hid-roccat-ryos.o
  CC      drivers/gpu/drm/drm_pci.o
  CC      drivers/gpu/drm/drm_sysfs.o
  CC      drivers/input/tablet/gtco.o
  CC      drivers/hid/hid-roccat-savu.o
  CC      drivers/input/tablet/hanwang.o
  CC      drivers/input/tablet/kbtab.o
  CC      drivers/hid/hid-saitek.o
  CC      drivers/gpu/drm/drm_hashtab.o
  CC      drivers/hid/hid-samsung.o
  AR      drivers/input/tablet/built-in.o
  CC      drivers/input/serio/serio.o
  CC      drivers/input/touchscreen/of_touchscreen.o
  CC      drivers/gpu/drm/drm_mm.o
  CC      drivers/hid/hid-sjoy.o
  CC      drivers/input/touchscreen/mediatek/mtk_tpd.o
  CC      drivers/input/serio/serport.o
  CC      drivers/hid/hid-sony.o
  CC      drivers/input/serio/libps2.o
  CC      drivers/gpu/drm/drm_crtc.o
  CC      drivers/input/touchscreen/mediatek/tpd_button.o
  CC      drivers/hid/hid-speedlink.o
  AR      drivers/input/serio/built-in.o
  CC      drivers/input/touchscreen/mediatek/tpd_calibrate.o
  CC      drivers/iommu/iommu.o
  CC      drivers/hid/hid-sunplus.o
  CC      drivers/input/touchscreen/mediatek/tpd_debug.o
  CC      drivers/hid/hid-gaff.o
  CC      drivers/gpu/drm/drm_fourcc.o
  CC      drivers/hid/hid-tmff.o
  CC      drivers/iommu/iommu-traces.o
  CC      drivers/hid/hid-tivo.o
  CC      drivers/input/touchscreen/mediatek/tpd_default.o
  CC      drivers/gpu/drm/drm_modes.o
  CC      drivers/hid/hid-topseed.o
  CC      drivers/input/touchscreen/mediatek/tpd_misc.o
  CC      drivers/hid/hid-twinhan.o
  CC      drivers/iommu/iommu-sysfs.o
  CC      drivers/input/touchscreen/mediatek/tpd_setting.o
  CC      drivers/hid/hid-uclogic.o
  CC      drivers/iommu/dma-iommu.o
  CC      drivers/gpu/drm/drm_edid.o
  CC      drivers/input/touchscreen/mediatek/FT8722/focaltech_core.o
  CC      drivers/hid/hid-zpff.o
  CC      drivers/hid/hid-zydacron.o
  CC      drivers/iommu/io-pgtable.o
  CC      drivers/input/touchscreen/mediatek/FT8722/focaltech_ex_fun.o
  CC      drivers/hid/wacom_wac.o
  CC      drivers/iommu/io-pgtable-arm-v7s.o
  CC      drivers/input/touchscreen/mediatek/FT8722/focaltech_ex_mode.o
  CC      drivers/iommu/iova.o
  CC      drivers/gpu/drm/drm_info.o
  CC      drivers/input/touchscreen/mediatek/FT8722/focaltech_gesture.o
  CC      drivers/hid/wacom_sys.o
  CC      drivers/gpu/drm/drm_encoder_slave.o
  CC      drivers/iommu/of_iommu.o
  CC      drivers/input/touchscreen/mediatek/FT8722/focaltech_esdcheck.o
  CC      drivers/input/touchscreen/mediatek/FT8722/focaltech_point_report_check.o
  CC      drivers/iommu/mtk_iommu_v2.o
  CC      drivers/gpu/drm/drm_trace_points.o
  CC      drivers/input/touchscreen/mediatek/FT8722/focaltech_proximity.o
  CC      drivers/hid/hid-waltop.o
  CC      drivers/hid/hid-wiimote-core.o
  CC      drivers/input/touchscreen/mediatek/FT8722/focaltech_test/focaltech_test.o
  CC      drivers/gpu/drm/drm_global.o
  CC      drivers/gpu/drm/drm_prime.o
  CC      drivers/hid/hid-wiimote-modules.o
  CC      drivers/iommu/mtk_iommu_ext.o
  CC      drivers/input/touchscreen/mediatek/FT8722/focaltech_test/focaltech_test_ini.o
  CC      drivers/hid/usbhid/hid-core.o
  CC      drivers/gpu/drm/drm_rect.o
  AR      drivers/iommu/built-in.o
  CC      drivers/irqchip/irqchip.o
  CC      drivers/hid/usbhid/hid-quirks.o
  CC      drivers/input/touchscreen/mediatek/FT8722/focaltech_test/supported_ic/focaltech_test_ft8722.o
  CC      drivers/gpu/drm/drm_vma_manager.o
  CC      drivers/irqchip/irq-gic.o
  CC      drivers/hid/usbhid/hiddev.o
  AR      drivers/input/touchscreen/mediatek/FT8722/focaltech_test/supported_ic/built-in.o
  AR      drivers/input/touchscreen/mediatek/FT8722/focaltech_test/built-in.o
  CC      drivers/input/touchscreen/mediatek/FT8722/focaltech_flash.o
  CC      drivers/gpu/drm/drm_flip_work.o
  CC      drivers/irqchip/irq-gic-common.o
  AR      drivers/hid/usbhid/usbhid.o
  AR      drivers/hid/usbhid/built-in.o
  AR      drivers/hid/hid.o
  AR      drivers/hid/hid-logitech.o
  AR      drivers/hid/hid-picolcd.o
  AR      drivers/hid/wacom.o
  AR      drivers/hid/hid-wiimote.o
  AR      drivers/hid/built-in.o
  CC      drivers/irqchip/irq-gic-v3.o
  CC      drivers/irqchip/irq-partition-percpu.o
  CC      drivers/gpu/drm/drm_modeset_lock.o
  CC      drivers/input/touchscreen/mediatek/FT8722/focaltech_spi.o
  CC      drivers/gpu/drm/drm_atomic.o
  AR      drivers/irqchip/built-in.o
-- KernelSU version: 32334
-- KernelSU branch: HEAD
-- KernelSU: CONFIG_KSU_MANUAL_HOOK
-- Supported KernelSU Manager(s): tiann, rsuntk, 5ec1cff, KOWX712
  CC      drivers/kernelsu/ksuinit.o
  AR      drivers/input/touchscreen/mediatek/FT8722/built-in.o
  CC      drivers/input/touchscreen/mediatek/ILI7807S/ilitek_v3.o
  CC      drivers/gpu/drm/drm_bridge.o
  CC      drivers/kernelsu/allowlist.o
  CC      drivers/gpu/drm/drm_framebuffer.o
  CC      drivers/gpu/drm/drm_connector.o
  CC      drivers/kernelsu/app_profile.o
  CC      drivers/input/touchscreen/mediatek/ILI7807S/ilitek_v3_spi.o
  CC      drivers/kernelsu/apk_sign.o
  CC      drivers/gpu/drm/drm_blend.o
  CC      drivers/input/touchscreen/mediatek/ILI7807S/ilitek_v3_mtk.o
  CC      drivers/kernelsu/sucompat.o
  CC      drivers/kernelsu/throne_tracker.o
  CC      drivers/gpu/drm/drm_encoder.o
  CC      drivers/input/touchscreen/mediatek/ILI7807S/ilitek_v3_ic.o
  CC      drivers/kernelsu/setuid_hook.o
  CC      drivers/kernelsu/lsm_hook.o
  CC      drivers/gpu/drm/drm_mode_object.o
  CC      drivers/kernelsu/kernel_compat.o
  CC      drivers/input/touchscreen/mediatek/ILI7807S/ilitek_v3_touch.o
  CC      drivers/input/touchscreen/mediatek/ILI7807S/ilitek_v3_mp.o
  CC      drivers/kernelsu/kernel_umount.o
  CC      drivers/gpu/drm/drm_property.o
  CC      drivers/gpu/drm/drm_plane.o
  CC      drivers/kernelsu/supercalls.o
  CC      drivers/input/touchscreen/mediatek/ILI7807S/ilitek_v3_hostdl.o
  CC      drivers/gpu/drm/drm_color_mgmt.o
  CC      drivers/kernelsu/feature.o
  CC      drivers/kernelsu/ksud.o
  CC      drivers/input/touchscreen/mediatek/ILI7807S/ilitek_v3_node.o
  CC      drivers/kernelsu/seccomp_cache.o
  CC      drivers/kernelsu/file_wrapper.o
  CC      drivers/gpu/drm/drm_print.o
  CC      drivers/gpu/drm/drm_dumb_buffers.o
  CC      drivers/kernelsu/selinux/selinux.o
  CC      drivers/kernelsu/selinux/sepolicy.o
  CC      drivers/gpu/drm/drm_mode_config.o
  CC      drivers/kernelsu/selinux/rules.o
  AR      drivers/input/touchscreen/mediatek/ILI7807S/built-in.o
  CC      drivers/input/touchscreen/mediatek/NT36672C/nt36xxx.o
  CC      drivers/input/touchscreen/mediatek/NT36672C/nt36xxx_fw_update.o
  CC      drivers/gpu/drm/drm_vblank.o
  AR      drivers/kernelsu/kernelsu.o
  AR      drivers/kernelsu/built-in.o
  CC      drivers/input/touchscreen/mediatek/NT36672C/nt36xxx_ext_proc.o
  CC      drivers/input/touchscreen/mediatek/NT36672C/nt36xxx_mp_ctrlram.o
  CC      drivers/input/touchscreen/mediatek/NT36672C/nt36xxx_sec_fn.o
  CC      drivers/leds/led-core.o
  CC      drivers/gpu/drm/drm_syncobj.o
  CC      drivers/leds/led-class.o
  CC      drivers/leds/led-class-flash.o
  AR      drivers/input/touchscreen/mediatek/NT36672C/built-in.o
  CC      drivers/input/touchscreen/mediatek/hx83112f/himax_debug.o
  CC      drivers/input/touchscreen/mediatek/hx83112f/himax_inspection.o
  CC      drivers/leds/led-triggers.o
  CC      drivers/gpu/drm/drm_writeback.o
  CC      drivers/leds/trigger/ledtrig-timer.o
  AR      drivers/leds/trigger/built-in.o
  AR      drivers/leds/built-in.o
  CC      drivers/gpu/drm/drm_ioc32.o
  AR      drivers/macintosh/built-in.o
  CC      drivers/gpu/drm/drm_gem_cma_helper.o
  CC      drivers/gpu/drm/drm_panel.o
  CC      drivers/input/touchscreen/mediatek/hx83112f/himax_ic_incell_core.o
  CC      drivers/gpu/drm/drm_of.o
  CC      drivers/input/touchscreen/mediatek/hx83112f/himax_ic_HX83112.o
  CC      drivers/input/touchscreen/mediatek/hx83112f/himax_common.o
  CC      drivers/input/touchscreen/mediatek/hx83112f/himax_platform.o
  CC      drivers/gpu/drm/drm_mipi_dsi.o
  AR      drivers/gpu/drm/bridge/synopsys/built-in.o
  AR      drivers/gpu/drm/bridge/built-in.o
  CC      drivers/mailbox/mailbox.o
  CC      drivers/mailbox/mtk-cmdq-mailbox.o
  AR      drivers/input/touchscreen/mediatek/hx83112f/himax_mmi.o
  AR      drivers/input/touchscreen/mediatek/hx83112f/built-in.o
  AR      drivers/input/touchscreen/mediatek/built-in.o
  AR      drivers/input/touchscreen/built-in.o
  CC      drivers/input/keyreset.o
  AR      drivers/gpu/drm/hisilicon/built-in.o
  AR      drivers/gpu/drm/i2c/built-in.o
  CC      drivers/gpu/drm/mediatek/mtk_drm_drv.o
  CC      drivers/gpu/drm/mediatek/mtk_disp_color.o
  CC      drivers/input/keycombo.o
  AR      drivers/input/input-core.o
  AR      drivers/input/built-in.o
  CC      drivers/gpu/drm/mediatek/mtk_disp_ccorr.o
  AR      drivers/mailbox/built-in.o
  CC      drivers/md/dm-uevent.o
  AR      drivers/media/common/b2c2/built-in.o
  AR      drivers/media/common/saa7146/built-in.o
  AR      drivers/media/common/siano/built-in.o
  AR      drivers/media/common/v4l2-tpg/built-in.o
  AR      drivers/media/common/built-in.o
  AR      drivers/media/firewire/built-in.o
  AR      drivers/media/i2c/soc_camera/built-in.o
  CC      drivers/media/i2c/ir-kbd-i2c.o
  CC      drivers/md/dm.o
  CC      drivers/md/dm-table.o
  CC      drivers/gpu/drm/mediatek/mtk_disp_gamma.o
  AR      drivers/media/i2c/built-in.o
  AR      drivers/media/mmc/siano/built-in.o
  AR      drivers/media/mmc/built-in.o
  AR      drivers/media/pci/b2c2/built-in.o
  AR      drivers/media/pci/ddbridge/built-in.o
  AR      drivers/media/pci/dm1105/built-in.o
  AR      drivers/media/pci/mantis/built-in.o
  AR      drivers/media/pci/netup_unidvb/built-in.o
  AR      drivers/media/pci/ngene/built-in.o
  AR      drivers/media/pci/pluto2/built-in.o
  AR      drivers/media/pci/pt1/built-in.o
  AR      drivers/media/pci/pt3/built-in.o
  AR      drivers/media/pci/saa7146/built-in.o
  AR      drivers/media/pci/smipcie/built-in.o
  AR      drivers/media/pci/ttpci/built-in.o
  AR      drivers/media/pci/built-in.o
  AR      drivers/media/platform/blackfin/built-in.o
  AR      drivers/media/platform/davinci/built-in.o
  AR      drivers/media/platform/meson/built-in.o
  CC      drivers/media/platform/mtk-jpeg/mtk_jpeg_core.o
  CC      drivers/media/platform/mtk-jpeg/mtk_jpeg_enc_hw.o
  CC      drivers/md/dm-target.o
  CC      drivers/gpu/drm/mediatek/mtk_disp_aal.o
  CC      drivers/md/dm-linear.o
  CC      drivers/media/platform/mtk-jpeg/mtk_jpeg_dec_hw.o
  CC      drivers/md/dm-stripe.o
  CC      drivers/media/platform/mtk-jpeg/mtk_jpeg_dec_parse.o
  CC      drivers/gpu/drm/mediatek/mtk_disp_dither.o
  CC      drivers/md/dm-ioctl.o
  CC      drivers/media/platform/mtk-vcodec/mtk_vcodec_dec_drv.o
  AR      drivers/media/platform/mtk-jpeg/mtk_jpeg.o
  AR      drivers/media/platform/mtk-jpeg/built-in.o
  CC      drivers/media/platform/mtk-vcodec/vdec_drv_if.o
  CC      drivers/gpu/drm/mediatek/mtk_disp_ovl.o
  CC      drivers/md/dm-io.o
  CC      drivers/media/platform/mtk-vcodec/mtk_vcodec_dec.o
  CC      drivers/media/platform/mtk-vcodec/mt6833/mtk_vcodec_dec_pm.o
  CC      drivers/md/dm-kcopyd.o
  CC      drivers/gpu/drm/mediatek/mtk_disp_rdma.o
  CC      drivers/media/platform/mtk-vcodec/vdec/vdec_common_if.o
  CC      drivers/media/platform/mtk-vcodec/vdec/vdec_log_if.o
  CC      drivers/media/platform/mtk-vcodec/vdec_vcu_if.o
  CC      drivers/media/platform/mtk-vcu/mtk_vcu.o
  CC      drivers/gpu/drm/mediatek/mtk_disp_rsz.o
  CC      drivers/md/dm-sysfs.o
  CC      drivers/media/platform/mtk-vcodec/mtk_vcodec_enc.o
  CC      drivers/md/dm-stats.o
  CC      drivers/gpu/drm/mediatek/mtk_disp_wdma.o
  CC      drivers/md/dm-rq.o
  CC      drivers/gpu/drm/mediatek/mtk_notify.o
  CC      drivers/media/platform/mtk-vcodec/mtk_vcodec_enc_drv.o
  CC      drivers/media/platform/mtk-vcu/mtk_vcodec_mem.o
  CC      drivers/media/platform/mtk-vcodec/mt6833/mtk_vcodec_enc_pm.o
  AR      drivers/media/platform/mtk-vcu/mtk-vcu.o
  AR      drivers/media/platform/mtk-vcu/built-in.o
  CC      drivers/media/platform/mtk-vcodec/venc_drv_if.o
  CC      drivers/md/dm-builtin.o
  CC      drivers/gpu/drm/mediatek/mtk_cust.o
  CC      drivers/md/dm-bufio.o
  CC      drivers/gpu/drm/mediatek/mtk_drm_crtc.o
  CC      drivers/media/platform/mtk-vcodec/venc/venc_common_if.o
  CC      drivers/md/dm-crypt.o
  CC      drivers/media/platform/mtk-vcodec/venc/venc_log_if.o
  CC      drivers/media/platform/mtk-vcodec/venc_vcu_if.o
  CC      drivers/media/platform/mtk-vcodec/mt6833/mtk_vcodec_intr.o
  CC      drivers/media/platform/mtk-vcodec/mtk_vcodec_util.o
  CC      drivers/md/dm-default-key.o
  CC      drivers/media/platform/mtk-vcodec/mt6833/vcodec_dvfs.o
  CC      drivers/md/dm-snap.o
  CC      drivers/media/platform/mtk-vcodec/mt6833/vcodec_bw.o
  AR      drivers/media/platform/mtk-vcodec/mtk-vcodec-dec.o
  AR      drivers/media/platform/mtk-vcodec/mtk-vcodec-enc.o
  CC      drivers/md/dm-exception-store.o
  AR      drivers/media/platform/mtk-vcodec/mtk-vcodec-common.o
  AR      drivers/media/platform/mtk-vcodec/built-in.o
  AR      drivers/media/platform/omap/built-in.o
  AR      drivers/media/platform/stm32/built-in.o
  AR      drivers/media/platform/built-in.o
  AR      drivers/media/radio/built-in.o
  CC      drivers/media/rc/keymaps/rc-adstech-dvb-t-pci.o
  CC      drivers/media/rc/keymaps/rc-alink-dtu-m.o
  CC      drivers/media/rc/keymaps/rc-anysee.o
  CC      drivers/md/dm-snap-transient.o
  CC      drivers/media/rc/keymaps/rc-apac-viewcomp.o
  CC      drivers/md/dm-snap-persistent.o
  CC      drivers/media/rc/keymaps/rc-astrometa-t2hybrid.o
  CC      drivers/media/rc/rc-main.o
  CC      drivers/gpu/drm/mediatek/mtk_drm_ddp.o
  CC      drivers/media/rc/keymaps/rc-asus-pc39.o
  CC      drivers/md/dm-verity-fec.o
  CC      drivers/media/rc/keymaps/rc-asus-ps3-100.o
  CC      drivers/media/rc/keymaps/rc-ati-tv-wonder-hd-600.o
  CC      drivers/md/dm-verity-target.o
  CC      drivers/media/rc/rc-ir-raw.o
  CC      drivers/media/rc/keymaps/rc-ati-x10.o
  CC      drivers/media/rc/keymaps/rc-avermedia-a16d.o
  CC      drivers/gpu/drm/mediatek/mtk_drm_ddp_addon.o
  CC      drivers/media/rc/keymaps/rc-avermedia.o
  CC      drivers/gpu/drm/mediatek/mtk_drm_ddp_comp.o
  CC      drivers/md/dm-verity-debug.o
  CC      drivers/media/rc/keymaps/rc-avermedia-cardbus.o
  CC      drivers/media/rc/keymaps/rc-avermedia-dvbt.o
  CC      drivers/media/rc/keymaps/rc-avermedia-m135a.o
  CC      drivers/md/alta_bigdata.o
  CC      drivers/media/rc/keymaps/rc-avermedia-m733a-rm-k6.o
  CC      drivers/media/rc/keymaps/rc-avermedia-rm-ks.o
  CC      drivers/gpu/drm/mediatek/mtk_drm_fb.o
  CC      drivers/md/dm-bow.o
  AR      drivers/media/spi/built-in.o
  AR      drivers/media/tuners/built-in.o
  CC      drivers/media/rc/keymaps/rc-avertv-303.o
  AR      drivers/media/usb/b2c2/built-in.o
  AR      drivers/media/usb/dvb-usb/built-in.o
  AR      drivers/media/usb/dvb-usb-v2/built-in.o
  AR      drivers/media/usb/s2255/built-in.o
  AR      drivers/media/usb/siano/built-in.o
  AR      drivers/media/usb/stkwebcam/built-in.o
  AR      drivers/media/usb/ttusb-budget/built-in.o
  AR      drivers/media/usb/ttusb-dec/built-in.o
  AR      drivers/media/usb/zr364xx/built-in.o
  AR      drivers/media/usb/built-in.o
  CC      drivers/media/v4l2-core/v4l2-dev.o
  CC      drivers/media/rc/keymaps/rc-azurewave-ad-tu700.o
  CC      drivers/gpu/drm/mediatek/mtk_drm_gem.o
  CC      drivers/media/rc/keymaps/rc-behold.o
  AR      drivers/md/dm-mod.o
  AR      drivers/md/dm-snapshot.o
  AR      drivers/md/dm-verity.o
  AR      drivers/md/built-in.o
  CC      drivers/media/rc/keymaps/rc-behold-columbus.o
  CC      drivers/memory/mtk-smi.o
  CC      drivers/media/v4l2-core/v4l2-ioctl.o
  CC      drivers/gpu/drm/mediatek/mtk_drm_plane.o
  CC      drivers/media/rc/keymaps/rc-budget-ci-old.o
  CC      drivers/media/rc/keymaps/rc-cec.o
  CC      drivers/memory/mtk-smi-debug.o
  CC      drivers/gpu/drm/mediatek/mtk_dsi.o
  CC      drivers/media/rc/keymaps/rc-cinergy-1400.o
  CC      drivers/memory/mediatek/dramc.o
  CC      drivers/media/rc/keymaps/rc-cinergy.o
  CC      drivers/media/rc/keymaps/rc-d680-dmb.o
  CC      drivers/media/v4l2-core/v4l2-device.o
  CC      drivers/media/rc/keymaps/rc-delock-61959.o
  CC      drivers/memory/mediatek/dramc_bin.o
  CC      drivers/media/rc/keymaps/rc-dib0700-nec.o
  CC      drivers/memory/mediatek/emicen.o
  CC      drivers/media/v4l2-core/v4l2-fh.o
  CC      drivers/media/rc/keymaps/rc-dib0700-rc5.o
  CC      drivers/media/rc/keymaps/rc-digitalnow-tinytwin.o
  CC      drivers/media/v4l2-core/v4l2-event.o
  CC      drivers/media/rc/keymaps/rc-digittrade.o
  CC      drivers/gpu/drm/mediatek/mtk_mipi_tx.o
  CC      drivers/memory/mediatek/emimpu.o
  CC      drivers/media/rc/keymaps/rc-dm1105-nec.o
  CC      drivers/media/rc/keymaps/rc-dntv-live-dvb-t.o
  CC      drivers/media/v4l2-core/v4l2-ctrls.o
  CC      drivers/media/rc/keymaps/rc-dntv-live-dvbt-pro.o
  CC      drivers/memory/mediatek/emiisu.o
  CC      drivers/gpu/drm/mediatek/mtk_writeback.o
  CC      drivers/media/rc/keymaps/rc-dtt200u.o
  AR      drivers/memory/mediatek/built-in.o
  AR      drivers/memory/built-in.o
  CC      drivers/media/rc/keymaps/rc-dvbsky.o
  CC      drivers/mfd/mfd-core.o
  CC      drivers/gpu/drm/mediatek/mtk_sync.o
  CC      drivers/media/rc/keymaps/rc-dvico-mce.o
  CC      drivers/media/rc/keymaps/rc-dvico-portable.o
  CC      drivers/gpu/drm/mediatek/mtk_fence.o
  CC      drivers/mfd/mtk-spmi-pmic.o
  CC      drivers/media/v4l2-core/v4l2-subdev.o
  CC      drivers/media/rc/keymaps/rc-em-terratec.o
  CC      drivers/mfd/syscon.o
  CC      drivers/media/rc/keymaps/rc-encore-enltv2.o
  CC      drivers/gpu/drm/mediatek/mtk_drm_session.o
  CC      drivers/media/rc/keymaps/rc-encore-enltv.o
  CC      drivers/media/v4l2-core/v4l2-clk.o
  CC      drivers/media/rc/keymaps/rc-encore-enltv-fm53.o
  CC      drivers/mfd/mt6358-core.o
  CC      drivers/gpu/drm/mediatek/mtk_dump.o
  CC      drivers/media/rc/keymaps/rc-evga-indtube.o
  CC      drivers/media/v4l2-core/v4l2-async.o
  CC      drivers/media/rc/keymaps/rc-eztv.o
  CC      drivers/gpu/drm/mediatek/mtk_debug.o
  CC      drivers/mfd/mt635x-ot-debug.o
  CC      drivers/media/rc/keymaps/rc-flydvb.o
  CC      drivers/media/rc/keymaps/rc-flyvideo.o
  CC      drivers/mfd/mt6358-misc.o
  CC      drivers/media/v4l2-core/v4l2-compat-ioctl32.o
  CC      drivers/media/rc/keymaps/rc-fusionhdtv-mce.o
  CC      drivers/media/rc/keymaps/rc-gadmei-rm008z.o
  AR      drivers/mfd/built-in.o
  CC      drivers/media/rc/keymaps/rc-geekbox.o
  AR      drivers/misc/cb710/built-in.o
  AR      drivers/misc/eeprom/built-in.o
  AR      drivers/misc/lis3lv02d/built-in.o
  CC      drivers/misc/mediatek/accdet/accdet_drv.o
  CC      drivers/gpu/drm/mediatek/mtk_layering_rule.o
  CC      drivers/media/rc/keymaps/rc-genius-tvgo-a11mce.o
  CC      drivers/misc/mediatek/accdet/mt6359/accdet.o
  CC      drivers/media/rc/keymaps/rc-gotview7135.o
  CC      drivers/media/rc/keymaps/rc-hisi-poplar.o
  CC      drivers/gpu/drm/mediatek/mtk_layering_rule_base.o
  CC      drivers/media/rc/keymaps/rc-hisi-tv-demo.o
  CC      drivers/media/rc/keymaps/rc-imon-mce.o
  CC      drivers/media/rc/keymaps/rc-imon-pad.o
  CC      drivers/media/v4l2-core/vb2-trace.o
  CC      drivers/media/rc/keymaps/rc-imon-rsc.o
  CC      drivers/gpu/drm/mediatek/mtk_rect.o
  CC      drivers/media/rc/keymaps/rc-iodata-bctv7e.o
  CC      drivers/gpu/drm/mediatek/mtk_drm_mmp.o
  AR      drivers/misc/mediatek/accdet/mt6359/built-in.o
  AR      drivers/misc/mediatek/accdet/built-in.o
  CC      drivers/misc/mediatek/aee/aed/aed-main.o
  CC      drivers/media/rc/keymaps/rc-it913x-v1.o
  CC      drivers/media/v4l2-core/v4l2-trace.o
  CC      drivers/media/rc/keymaps/rc-it913x-v2.o
  CC      drivers/gpu/drm/mediatek/mtk_drm_trace.o
  CC      drivers/media/rc/keymaps/rc-kaiomy.o
  CC      drivers/media/rc/keymaps/rc-kworld-315u.o
  CC      drivers/media/v4l2-core/v4l2-mc.o
  CC      drivers/misc/mediatek/aee/aed/monitor_hang.o
  CC      drivers/gpu/drm/mediatek/mtk_panel_ext.o
  CC      drivers/media/rc/keymaps/rc-kworld-pc150u.o
  CC      drivers/media/rc/keymaps/rc-kworld-plus-tv-analog.o
  CC      drivers/gpu/drm/mediatek/mtk_drm_helper.o
  CC      drivers/media/v4l2-core/v4l2-common.o
  CC      drivers/media/rc/keymaps/rc-leadtek-y04g0051.o
  AR      drivers/misc/mediatek/aee/aed/aed.o
  AR      drivers/misc/mediatek/aee/aed/built-in.o
  CC      drivers/misc/mediatek/aee/common/dummy.o
  CC      drivers/media/rc/keymaps/rc-lme2510.o
  CC      drivers/gpu/drm/mediatek/mtk_drm_lowpower.o
  CC      drivers/misc/mediatek/aee/common/aee-common.o
  CC      drivers/media/rc/keymaps/rc-manli.o
  CC      drivers/media/v4l2-core/v4l2-dv-timings.o
  CC      drivers/media/rc/keymaps/rc-medion-x10.o
  CC      drivers/gpu/drm/mediatek/mtk_disp_postmask.o
  CC      drivers/media/rc/keymaps/rc-medion-x10-digitainer.o
  CC      drivers/media/v4l2-core/v4l2-mem2mem.o
  CC      drivers/misc/mediatek/aee/common/reboot-reason.o
  CC      drivers/media/rc/keymaps/rc-medion-x10-or2x.o
  CC      drivers/gpu/drm/mediatek/mtk_drm_assert.o
  CC      drivers/media/rc/keymaps/rc-msi-digivox-ii.o
  AR      drivers/misc/mediatek/aee/common/aee.o
  AR      drivers/misc/mediatek/aee/common/built-in.o
  CC      drivers/misc/mediatek/aee/mrdump/mrdump_control.o
  CC      drivers/media/v4l2-core/v4l2-flash-led-class.o
  CC      drivers/media/rc/keymaps/rc-msi-digivox-iii.o
  CC      drivers/misc/mediatek/aee/mrdump/mrdump_hw.o
  CC      drivers/media/rc/keymaps/rc-msi-tvanywhere.o
  CC      drivers/misc/mediatek/aee/mrdump/mrdump_full.o
  CC      drivers/gpu/drm/mediatek/mtk_drm_fbconsole.o
  CC      drivers/media/rc/keymaps/rc-msi-tvanywhere-plus.o
  CC      drivers/media/v4l2-core/videobuf2-core.o
  CC      drivers/misc/mediatek/aee/mrdump/mrdump_mini.o
  CC      drivers/media/rc/keymaps/rc-nebula.o
  CC      drivers/gpu/drm/mediatek/mtk_disp_recovery.o
  CC      drivers/media/rc/keymaps/rc-nec-terratec-cinergy-xs.o
  CC      drivers/media/rc/keymaps/rc-norwood.o
  CC      drivers/gpu/drm/mediatek/mtk_disp_pmqos.o
  CC      drivers/misc/mediatek/aee/mrdump/mrdump_panic.o
  CC      drivers/media/rc/keymaps/rc-npgtech.o
  CC      drivers/media/v4l2-core/videobuf2-v4l2.o
  CC      drivers/media/rc/keymaps/rc-pctv-sedna.o
  CC      drivers/gpu/drm/mediatek/mtk_disp_dsc.o
  CC      drivers/media/rc/keymaps/rc-pinnacle-color.o
  CC      drivers/misc/mediatek/aee/mrdump/mrdump_arm64.o
  CC      drivers/media/rc/keymaps/rc-pinnacle-grey.o
  CC      drivers/media/v4l2-core/videobuf2-memops.o
  CC      drivers/gpu/drm/mediatek/mtk_drm_arr.o
  CC      drivers/media/rc/keymaps/rc-pinnacle-pctv-hd.o
  AR      drivers/misc/mediatek/aee/mrdump/mrdump.o
  AR      drivers/misc/mediatek/aee/mrdump/built-in.o
  AR      drivers/misc/mediatek/aee/built-in.o
  CC      drivers/misc/mediatek/atf/atf_logger.o
  CC      drivers/gpu/drm/mediatek/mtk_disp_merge.o
  CC      drivers/media/rc/keymaps/rc-pixelview.o
  CC      drivers/misc/mediatek/atf/mt_secure_call.o
  CC      drivers/media/v4l2-core/videobuf2-dma-contig.o
  CC      drivers/media/rc/keymaps/rc-pixelview-mk12.o
  AR      drivers/misc/mediatek/atf/built-in.o
  AR      drivers/misc/mediatek/audio_scp/built-in.o
  CC      drivers/misc/mediatek/base/power/clkbuf_v1/mtk_clkbuf_ctl.o
  CC      drivers/gpu/drm/mediatek/mtk_dmdp_aal.o
  CC      drivers/media/rc/keymaps/rc-pixelview-002t.o
  CC      drivers/misc/mediatek/base/power/clkbuf_v1/mt6853/mtk_clkbuf_hw.o
  CC      drivers/media/rc/keymaps/rc-pixelview-new.o
  CC      drivers/gpu/drm/mediatek/mtk_fbconfig_kdebug.o
  AR      drivers/media/v4l2-core/videodev.o
  AR      drivers/media/v4l2-core/built-in.o
  CC      drivers/gpu/drm/mediatek/mtk_drm_fbdev.o
  CC      drivers/media/rc/keymaps/rc-powercolor-real-angel.o
  CC      drivers/media/rc/keymaps/rc-proteus-2309.o
  CC      drivers/media/media-device.o
  AR      drivers/misc/mediatek/base/power/clkbuf_v1/mt6853/built-in.o
  AR      drivers/misc/mediatek/base/power/clkbuf_v1/built-in.o
  CC      drivers/misc/mediatek/base/power/cm_mgr_v1/mtk_cm_mgr.o
  CC      drivers/media/rc/keymaps/rc-purpletv.o
  AR      drivers/gpu/drm/mediatek/mediatek-drm.o
  AR      drivers/gpu/drm/mediatek/built-in.o
  AR      drivers/gpu/drm/omapdrm/displays/built-in.o
  AR      drivers/gpu/drm/omapdrm/dss/built-in.o
  AR      drivers/gpu/drm/omapdrm/built-in.o
  CC      drivers/gpu/drm/panel/panel_notifier.o
  CC      drivers/media/rc/keymaps/rc-pv951.o
  CC      drivers/media/rc/keymaps/rc-hauppauge.o
  CC      drivers/misc/mediatek/base/power/cm_mgr_v1/mt6833/mtk_cm_mgr_platform.o
  CC      drivers/gpu/drm/panel/panel-nt35695b-auo-vdo.o
  CC      drivers/media/media-devnode.o
  CC      drivers/media/rc/keymaps/rc-rc6-mce.o
  CC      drivers/media/rc/keymaps/rc-real-audio-220-32-keys.o
  CC      drivers/media/rc/keymaps/rc-reddo.o
  CC      drivers/media/rc/keymaps/rc-snapstream-firefly.o
  CC      drivers/media/rc/keymaps/rc-streamzap.o
  CC      drivers/media/rc/keymaps/rc-tango.o
  AR      drivers/misc/mediatek/base/power/cm_mgr_v1/mt6833/built-in.o
  CC      drivers/media/rc/keymaps/rc-tbs-nec.o
  AR      drivers/misc/mediatek/base/power/cm_mgr_v1/built-in.o
  CC      drivers/misc/mediatek/base/power/cpufreq_v1/src/mtk_cpufreq_main.o
  CC      drivers/misc/mediatek/base/power/cpufreq_v1/src/mtk_cpufreq_interface.o
  CC      drivers/media/rc/keymaps/rc-technisat-ts35.o
  CC      drivers/media/rc/keymaps/rc-technisat-usb2.o
  CC      drivers/media/rc/keymaps/rc-terratec-cinergy-c-pci.o
  CC      drivers/misc/mediatek/base/power/cpufreq_v1/src/mtk_cpufreq_api.o
  CC      drivers/gpu/drm/panel/panel-truly-td4330-vdo.o
  CC      drivers/gpu/drm/panel/panel-truly-ft8756-vdo.o
  CC      drivers/media/rc/keymaps/rc-terratec-cinergy-s2-hd.o
  CC      drivers/media/rc/keymaps/rc-terratec-cinergy-xs.o
  CC      drivers/media/rc/keymaps/rc-terratec-slim.o
  CC      drivers/media/rc/keymaps/rc-terratec-slim-2.o
  CC      drivers/gpu/drm/panel/panel-wt-tianma-nt36672c-cphy-vdo-90hz.o
  CC      drivers/misc/mediatek/base/power/cpuhotplug/mtk_cpuhp_core.o
  CC      drivers/misc/mediatek/base/power/cpufreq_v1/src/mtk_cpufreq_debug.o
  CC      drivers/media/rc/keymaps/rc-tevii-nec.o
  CC      drivers/media/rc/keymaps/rc-tivo.o
  CC      drivers/misc/mediatek/base/power/cpuhotplug/mtk_cpuhp_ppm.o
  CC      drivers/misc/mediatek/base/power/cpufreq_v1/src/mtk_cpufreq_hybrid.o
  CC      drivers/gpu/drm/panel/panel-wt-txd-ili7807s-cphy-vdo-90hz.o
  CC      drivers/media/rc/keymaps/rc-total-media-in-hand.o
  CC      drivers/misc/mediatek/base/power/cpuhotplug/mtk_cpuhp_platform.o
  AR      drivers/misc/mediatek/base/power/cpuhotplug/built-in.o
  CC      drivers/media/rc/keymaps/rc-total-media-in-hand-02.o
  AR      drivers/gpu/drm/tilcdc/built-in.o
  CC      drivers/media/rc/keymaps/rc-trekstor.o
  AR      drivers/gpu/drm/drm_kms_helper.o
  AR      drivers/gpu/drm/drm.o
  CC      drivers/media/rc/keymaps/rc-tt-1500.o
  CC      drivers/media/rc/ir-nec-decoder.o
  CC      drivers/misc/mediatek/base/power/cpufreq_v1/src/mach/mt6833/mtk_cpufreq_platform.o
  CC      drivers/media/rc/keymaps/rc-twinhan-dtv-cab-ci.o
  CC      drivers/media/rc/ir-rc5-decoder.o
  CC      drivers/media/rc/keymaps/rc-twinhan1027.o
  CC      drivers/gpu/drm/panel/panel-wt-truly-ft8722-cphy-vdo-90hz.o
  AR      drivers/misc/mediatek/base/power/cpufreq_v1/src/mach/mt6833/built-in.o
  AR      drivers/misc/mediatek/base/power/cpufreq_v1/src/mach/built-in.o
  AR      drivers/misc/mediatek/base/power/cpufreq_v1/src/built-in.o
  AR      drivers/misc/mediatek/base/power/cpufreq_v1/built-in.o
  CC      drivers/misc/mediatek/base/power/cpumssv_v1/mt6853/mtk_mssv.o
  CC      drivers/media/rc/ir-rc6-decoder.o
  CC      drivers/media/rc/keymaps/rc-videomate-m1f.o
  CC      drivers/media/rc/keymaps/rc-videomate-s350.o
  AR      drivers/misc/mediatek/base/power/cpumssv_v1/mt6853/built-in.o
  AR      drivers/misc/mediatek/base/power/cpumssv_v1/built-in.o
  CC      drivers/misc/mediatek/base/power/dcm_v1/mt6833/mtk_dcm_autogen.o
  CC      drivers/media/rc/keymaps/rc-videomate-tv-pvr.o
  CC      drivers/media/rc/keymaps/rc-winfast.o
  CC      drivers/media/rc/keymaps/rc-winfast-usbii-deluxe.o
  CC      drivers/misc/mediatek/base/power/dcm_v1/mt6833/mtk_dcm_internal.o
  CC      drivers/gpu/drm/panel/panel-wt-txd-hx83112f-cphy-vdo-90hz.o
  CC      drivers/gpu/drm/panel/panel-wt-djn-nt36672c-cphy-vdo-90hz.o
  CC      drivers/media/rc/keymaps/rc-su3000.o
  AR      drivers/misc/mediatek/base/power/dcm_v1/mt6833/built-in.o
  CC      drivers/misc/mediatek/base/power/dcm_v1/mtk_dcm.o
  CC      drivers/media/rc/keymaps/rc-zx-irdec.o
  CC      drivers/gpu/drm/panel/panel-wt-jdi-hx83112f-cphy-vdo-90hz.o
  AR      drivers/misc/mediatek/base/power/dcm_v1/built-in.o
  CC      drivers/misc/mediatek/base/power/dvfsrc/dvfsrc-boost-driver.o
  AR      drivers/media/rc/keymaps/built-in.o
  CC      drivers/media/rc/ir-jvc-decoder.o
  AR      drivers/misc/mediatek/base/power/dvfsrc/built-in.o
  CC      drivers/misc/mediatek/base/power/eem_v2/mt6833/mtk_eem.o
  CC      drivers/misc/mediatek/base/power/eem_v2/mt6833/mtk_eem_platform.o
  CC      drivers/media/rc/ir-sony-decoder.o
  CC      drivers/gpu/drm/panel/lcm_cust_common.o
  CC      drivers/misc/mediatek/base/power/eem_v2/mt6833/mtk_eem_internal.o
  CC      drivers/media/rc/ir-sanyo-decoder.o
  CC      drivers/gpu/drm/panel/panel-virtual-dsi-vdo-default.o
  CC      drivers/misc/mediatek/base/power/eem_v2/mt6833/mtk_eem_api.o
  CC      drivers/media/rc/ir-sharp-decoder.o
  CC      drivers/misc/mediatek/base/power/eem_v2/mt6833/mtk_picachu.o
  AR      drivers/gpu/drm/panel/built-in.o
  AR      drivers/gpu/drm/built-in.o
  AR      drivers/gpu/built-in.o
  CC      drivers/media/rc/ir-mce_kbd-decoder.o
  CC      drivers/mmc/core/core.o
  CC      drivers/mmc/core/bus.o
  CC      drivers/media/rc/ir-xmp-decoder.o
  AR      drivers/misc/mediatek/base/power/eem_v2/mt6833/built-in.o
  AR      drivers/misc/mediatek/base/power/eem_v2/built-in.o
  CC      drivers/misc/mediatek/base/power/eemgpu_v2/mt6833/mtk_eemgpu.o
  AR      drivers/media/rc/rc-core.o
  AR      drivers/media/rc/built-in.o
  CC      drivers/media/media-entity.o
  CC      drivers/misc/mediatek/base/power/eemgpu_v2/mt6833/mtk_eemgpu_platform.o
  CC      drivers/misc/mediatek/base/power/eemgpu_v2/mt6833/mtk_eemgpu_internal.o
  AR      drivers/media/media.o
  AR      drivers/media/built-in.o
  CC      drivers/net/dummy.o
  CC      drivers/mmc/core/host.o
  CC      drivers/net/ifb.o
  AR      drivers/misc/mediatek/base/power/eemgpu_v2/mt6833/built-in.o
  AR      drivers/misc/mediatek/base/power/eemgpu_v2/built-in.o
  CC      drivers/misc/mediatek/base/power/gpufreq_v1/mtk_gpufreq_common.o
  CC      drivers/nfc/samsung/sec_nfc.o
  CC      drivers/misc/mediatek/base/power/gpufreq_v1/mt6833/mtk_gpufreq_plat.o
  CC      drivers/net/mii.o
  CC      drivers/mmc/core/mmc.o
  AR      drivers/nfc/samsung/built-in.o
  AR      drivers/nfc/built-in.o
  AR      drivers/nvme/host/built-in.o
  AR      drivers/nvme/target/built-in.o
  AR      drivers/nvme/built-in.o
  CC      drivers/nvmem/core.o
  CC      drivers/net/Space.o
  CC      drivers/mmc/core/mmc_ops.o
  AR      drivers/misc/mediatek/base/power/gpufreq_v1/mt6833/built-in.o
  AR      drivers/misc/mediatek/base/power/gpufreq_v1/built-in.o
  CC      drivers/misc/mediatek/base/power/koro/mt6853/mtk_koro.o
  AR      drivers/nvmem/nvmem_core.o
  AR      drivers/nvmem/built-in.o
  CC      drivers/net/loopback.o
  AR      drivers/net/dsa/b53/built-in.o
  AR      drivers/net/dsa/microchip/built-in.o
  AR      drivers/net/dsa/mv88e6xxx/built-in.o
  AR      drivers/net/dsa/built-in.o
  CC      drivers/net/phy/mdio-boardinfo.o
  AR      drivers/misc/mediatek/base/power/koro/mt6853/built-in.o
  AR      drivers/misc/mediatek/base/power/koro/built-in.o
  CC      drivers/misc/mediatek/base/power/leakage_table_v2/mtk_static_power.o
  CC      drivers/net/ppp/ppp_generic.o
  CC      drivers/mmc/core/sd.o
  CC      drivers/net/phy/phy.o
  CC      drivers/misc/mediatek/base/power/leakage_table_v2/mtk_static_power_mt6833.o
  AR      drivers/misc/mediatek/base/power/leakage_table_v2/built-in.o
  CC      drivers/misc/mediatek/base/power/mdpm_v2/mtk_mdpm_common.o
  CC      drivers/mmc/core/sd_ops.o
  CC      drivers/misc/mediatek/base/power/mdpm_v2/mt6833/mtk_mdpm_platform.o
  CC      drivers/net/phy/phy-c45.o
  AR      drivers/misc/mediatek/base/power/mdpm_v2/mt6833/built-in.o
  AR      drivers/misc/mediatek/base/power/mdpm_v2/built-in.o
  CC      drivers/misc/mediatek/base/power/pbm_v4/mtk_pbm.o
  CC      drivers/mmc/core/sdio.o
  CC      drivers/net/ppp/ppp_async.o
  AR      drivers/misc/mediatek/base/power/pbm_v4/built-in.o
  CC      drivers/misc/mediatek/base/power/power_throttling/mtk_md_power_throttling.o
  CC      drivers/net/phy/phy-core.o
  CC      drivers/mmc/core/sdio_ops.o
  AR      drivers/misc/mediatek/base/power/power_throttling/built-in.o
  CC      drivers/misc/mediatek/base/power/ppm_v3/src/mtk_ppm_main.o
  CC      drivers/mmc/core/sdio_bus.o
  CC      drivers/net/ppp/bsd_comp.o
  CC      drivers/net/phy/phy_device.o
  CC      drivers/misc/mediatek/base/power/ppm_v3/src/mtk_ppm_interface.o
  CC      drivers/net/ppp/ppp_deflate.o
  CC      drivers/net/ppp/ppp_mppe.o
  CC      drivers/mmc/core/sdio_cis.o
  CC      drivers/misc/mediatek/base/power/ppm_v3/src/mtk_ppm_api.o
  CC      drivers/misc/mediatek/base/power/ppm_v3/src/mtk_ppm_profile.o
  CC      drivers/net/ppp/ppp_synctty.o
  CC      drivers/mmc/core/sdio_io.o
  CC      drivers/net/phy/mdio_bus.o
  CC      drivers/misc/mediatek/base/power/ppm_v3/src/mtk_ppm_ipi.o
  CC      drivers/misc/mediatek/base/power/ppm_v3/src/mtk_ppm_cpi.o
  CC      drivers/net/ppp/pppox.o
  CC      drivers/mmc/core/sdio_irq.o
  CC      drivers/misc/mediatek/base/power/ppm_v3/src/mtk_ppm_policy_dlpt.o
  CC      drivers/net/phy/mdio_device.o
  CC      drivers/misc/mediatek/base/power/ppm_v3/src/mtk_ppm_policy_sys_boost.o
  CC      drivers/mmc/core/slot-gpio.o
  CC      drivers/net/ppp/pppoe.o
  CC      drivers/net/phy/swphy.o
  CC      drivers/mmc/core/pwrseq.o
  CC      drivers/misc/mediatek/base/power/ppm_v3/src/mtk_ppm_policy_ptpod.o
  CC      drivers/net/ppp/pptp.o
  CC      drivers/misc/mediatek/base/power/ppm_v3/src/mtk_ppm_policy_pwr_thro.o
  CC      drivers/net/phy/fixed_phy.o
  CC      drivers/mmc/core/pwrseq_simple.o
  CC      drivers/misc/mediatek/base/power/ppm_v3/src/mtk_ppm_policy_thermal.o
  CC      drivers/mmc/core/pwrseq_emmc.o
  AR      drivers/net/ppp/built-in.o
  CC      drivers/mmc/core/block.o
  CC      drivers/misc/mediatek/base/power/ppm_v3/src/mtk_ppm_policy_lcm_off.o
  AR      drivers/net/phy/libphy.o
  AR      drivers/net/phy/built-in.o
  CC      drivers/net/slip/slhc.o
  CC      drivers/mmc/core/queue.o
  CC      drivers/misc/mediatek/base/power/ppm_v3/src/mtk_ppm_policy_hard_user_limit.o
  CC      drivers/misc/mediatek/base/power/ppm_v3/src/mtk_ppm_policy_user_limit.o
  CC      drivers/misc/mediatek/base/power/ppm_v3/src/mtk_ppm_policy_force_limit.o
  AR      drivers/net/slip/built-in.o
  CC      drivers/net/usb/rtl8150.o
  CC      drivers/net/usb/r8152.o
  CC      drivers/misc/mediatek/base/power/ppm_v3/src/mtk_ppm_policy_ut.o
  CC      drivers/mmc/core/mtk_mmc_block.o
  CC      drivers/misc/mediatek/base/power/ppm_v3/src/mach/mt6853/mtk_ppm_platform.o
  CC      drivers/misc/mediatek/base/power/ppm_v3/src/mach/mt6853/mtk_ppm_power_data.o
  CC      drivers/misc/mediatek/base/power/ppm_v3/src/mach/mt6853/mtk_ppm_cobra_algo.o
  CC      drivers/net/usb/asix_devices.o
  CC      drivers/mmc/core/mmc_crypto.o
  AR      drivers/misc/mediatek/base/power/ppm_v3/src/mach/mt6853/built-in.o
  AR      drivers/misc/mediatek/base/power/ppm_v3/src/mach/built-in.o
  AR      drivers/misc/mediatek/base/power/ppm_v3/src/built-in.o
  AR      drivers/misc/mediatek/base/power/ppm_v3/built-in.o
  CC      drivers/misc/mediatek/base/power/ptp3_v1/mt6833/mtk_ptp3_main.o
  CC      drivers/mmc/core/crypto.o
  CC      drivers/net/usb/asix_common.o
  CC      drivers/misc/mediatek/base/power/ptp3_v1/mt6833/mtk_ptp3_fll.o
  AR      drivers/mmc/core/mmc_core.o
  AR      drivers/mmc/core/mmc_block.o
  AR      drivers/mmc/core/built-in.o
  CC      drivers/mmc/host/mediatek/ComboA/sd.o
  CC      drivers/net/usb/ax88172a.o
  CC      drivers/net/usb/ax88179_178a.o
  CC      drivers/misc/mediatek/base/power/ptp3_v1/mt6833/mtk_ptp3_cinst.o
  CC      drivers/net/usb/cdc_ether.o
  CC      drivers/misc/mediatek/base/power/ptp3_v1/mt6833/mtk_ptp3_drcc.o
  CC      drivers/net/usb/cdc_eem.o
  CC      drivers/misc/mediatek/base/power/ptp3_v1/mt6833/mtk_ptp3_iglre.o
  CC      drivers/net/usb/smsc75xx.o
  CC      drivers/mmc/host/mediatek/ComboA/dbg.o
  AR      drivers/misc/mediatek/base/power/ptp3_v1/mt6833/built-in.o
  AR      drivers/misc/mediatek/base/power/ptp3_v1/built-in.o
../drivers/misc/mediatek/base/power/qos/Makefile:46: extraneous text after 'else' directive
  CC      drivers/misc/mediatek/base/power/qos/mtk_qos_ipi_v2.o
  CC      drivers/mmc/host/mediatek/ComboA/mtk_sd_misc.o
  CC      drivers/misc/mediatek/base/power/qos/mtk_qos_main.o
  CC      drivers/misc/mediatek/base/power/qos/mtk_qos_bound.o
  CC      drivers/net/usb/smsc95xx.o
  CC      drivers/misc/mediatek/base/power/qos/mtk_qos_sram.o
  CC      drivers/misc/mediatek/base/power/qos/mtk_qos_sysfs.o
  CC      drivers/misc/mediatek/base/power/qos/mtk_qos_share.o
  CC      drivers/mmc/host/mediatek/ComboA/msdc_tune.o
  AR      drivers/misc/mediatek/base/power/qos/built-in.o
  CC      drivers/misc/mediatek/base/power/slbc/slbc.o
  CC      drivers/mmc/host/mediatek/ComboA/msdc_partition.o
  CC      drivers/net/usb/net1080.o
  CC      drivers/mmc/host/mediatek/ComboA/autok.o
  CC      drivers/net/usb/cdc_subset.o
  CC      drivers/net/usb/zaurus.o
  AR      drivers/misc/mediatek/base/power/slbc/mtk_slbc.o
  AR      drivers/misc/mediatek/base/power/slbc/built-in.o
  CC      drivers/misc/mediatek/base/power/srclken_rc_v1/mtk_srclken_rc.o
  CC      drivers/misc/mediatek/base/power/srclken_rc_v1/mt6853/mtk_srclken_rc_hw.o
  AR      drivers/net/wireless/admtek/built-in.o
  AR      drivers/net/wireless/ath/built-in.o
  AR      drivers/net/wireless/atmel/built-in.o
  AR      drivers/net/wireless/broadcom/built-in.o
  AR      drivers/net/wireless/cisco/built-in.o
  AR      drivers/net/wireless/intel/built-in.o
  AR      drivers/net/wireless/intersil/built-in.o
  AR      drivers/net/wireless/marvell/built-in.o
  AR      drivers/net/wireless/mediatek/built-in.o
  AR      drivers/net/wireless/quantenna/built-in.o
  AR      drivers/net/wireless/ralink/built-in.o
  CC      drivers/net/usb/usbnet.o
  AR      drivers/net/wireless/realtek/built-in.o
  AR      drivers/net/wireless/rsi/built-in.o
  AR      drivers/net/wireless/st/built-in.o
  AR      drivers/net/wireless/ti/built-in.o
  AR      drivers/net/wireless/zydas/built-in.o
  AR      drivers/net/wireless/built-in.o
  CC      drivers/net/tun.o
  AR      drivers/misc/mediatek/base/power/srclken_rc_v1/mt6853/built-in.o
  AR      drivers/misc/mediatek/base/power/srclken_rc_v1/built-in.o
*MTK_GPU_VERSION 2 = valhall
*MTK_GPU_VERSION 3 = r32p1
  CC      drivers/misc/mediatek/base/power/swpm_v1/mt6833/mtk_swpm_platform.o
  AR      drivers/misc/mediatek/base/power/swpm_v1/mt6833/built-in.o
  CC      drivers/misc/mediatek/base/power/swpm_v1/mtk_swpm.o
  CC      drivers/net/usb/cdc_ncm.o
  CC      drivers/mmc/host/mediatek/ComboA/mmc-sec-sysfs.o
  CC      drivers/misc/mediatek/base/power/swpm_v1/mtk_swpm_common.o
  CC      drivers/mmc/host/mediatek/ComboA/mt6833/msdc_cust.o
  CC      drivers/mmc/host/mediatek/ComboA/mt6833/autok_dvfs.o
  AR      drivers/misc/mediatek/base/power/swpm_v1/built-in.o
  CC      drivers/misc/mediatek/base/power/upower_v2/mtk_unified_power.o
  CC      drivers/misc/mediatek/base/power/upower_v2/mtk_unified_power_internal.o
  CC      drivers/net/usb/cdc_mbim.o
  CC      drivers/misc/mediatek/base/power/upower_v2/mtk_unified_power_api.o
  CC      drivers/mmc/host/mediatek/ComboA/sw-cqhci-crypto.o
  CC      drivers/misc/mediatek/base/power/upower_v2/mtk_unified_power_mt6833.o
  AR      drivers/mmc/host/mediatek/ComboA/msdc.o
  AR      drivers/net/usb/asix.o
  CC      drivers/net/veth.o
  AR      drivers/net/usb/built-in.o
  CC      drivers/mmc/host/cmdq_hci.o
  AR      drivers/misc/mediatek/base/power/upower_v2/built-in.o
  AR      drivers/misc/mediatek/base/power/built-in.o
  AR      drivers/misc/mediatek/base/built-in.o
  CC      drivers/misc/mediatek/blocktag/blocktag.o
  AR      drivers/mmc/host/mediatek/ComboA/built-in.o
  AR      drivers/mmc/host/mediatek/built-in.o
  CC      drivers/mmc/host/cqhci-crypto.o
  CC      drivers/misc/mediatek/boot/mtk_boot_common.o
  AR      drivers/net/built-in.o
  CC      drivers/of/base.o
  AR      drivers/mmc/host/built-in.o
  AR      drivers/mmc/built-in.o
  CC      drivers/pci/dwc/pcie-hisi.o
  CC      drivers/misc/mediatek/boot/mtk_boot.o
  AR      drivers/pci/dwc/built-in.o
  CC      drivers/perf/arm_pmu.o
  AR      drivers/misc/mediatek/blocktag/built-in.o
  CC      drivers/perf/arm_pmu_platform.o
  CC      drivers/of/device.o
  AR      drivers/misc/mediatek/boot/BOOT_COMMON.o
  AR      drivers/misc/mediatek/boot/built-in.o
  CC      drivers/misc/mediatek/boot_reason/mtk_boot_reason.o
  CC      drivers/perf/arm_dsu_pmu.o
  AR      drivers/misc/mediatek/boot_reason/BOOT_REASON.o
  AR      drivers/misc/mediatek/boot_reason/built-in.o
  CC      drivers/misc/mediatek/btif/common/mtk_btif.o
  CC      drivers/of/platform.o
  CC      drivers/misc/mediatek/c2k_usb/f_rawbulk.o
  AR      drivers/perf/built-in.o
  CC      drivers/misc/mediatek/btif/common/mtk_btif_exp.o
  CC      drivers/of/property.o
  CC      drivers/misc/mediatek/c2k_usb/rawbulk.o
  CC      drivers/misc/mediatek/btif/common/btif_dma_plat.o
  CC      drivers/misc/mediatek/c2k_usb/rawbulk_transfer.o
  CC      drivers/of/fdt.o
  CC      drivers/of/fdt_address.o
  CC      drivers/misc/mediatek/btif/common/btif_plat.o
  CC      drivers/of/address.o
  AR      drivers/misc/mediatek/btif/common/btif.o
  AR      drivers/misc/mediatek/btif/common/built-in.o
  AR      drivers/misc/mediatek/btif/built-in.o
  CC      drivers/misc/mediatek/cache-auditor/cache_ctrl.o
  AR      drivers/misc/mediatek/c2k_usb/c2k_usb.o
  AR      drivers/misc/mediatek/c2k_usb/built-in.o
  CC      drivers/of/irq.o
  CC      drivers/misc/mediatek/cam_cal/src/mt6853/../common/v2/eeprom_driver.o
  CC      drivers/misc/mediatek/cam_cal/src/mt6853/../common/v2/eeprom_i2c_common_driver.o
  CC      drivers/misc/mediatek/cam_cal/src/mt6853/../common/v2/eeprom_utils.o
  AR      drivers/misc/mediatek/cache-auditor/built-in.o
  CC      drivers/misc/mediatek/cameraisp/dip/cameradip_dummy.o
  CC      drivers/misc/mediatek/cam_cal/src/mt6853/eeprom_i2c_custom_driver.o
  CC      drivers/of/of_net.o
..
  CC      drivers/misc/mediatek/cameraisp/dip/isp_6s/camera_dip.o
  CC      drivers/misc/mediatek/cam_cal/src/mt6853/cam_cal_list.o
  CC      drivers/of/of_mdio.o
  AR      drivers/misc/mediatek/cam_cal/src/mt6853/built-in.o
  AR      drivers/misc/mediatek/cam_cal/src/built-in.o
  CC      drivers/misc/mediatek/ccci_util/ccci_util_lib_fo.o
  CC      drivers/misc/mediatek/ccci_util/ccci_util_lib_load_img.o
  CC      drivers/of/of_reserved_mem.o
  CC      drivers/misc/mediatek/ccci_util/ccci_util_lib_sys.o
  CC      drivers/misc/mediatek/ccci_util/ccci_private_log.o
  AR      drivers/of/built-in.o
  CC      drivers/phy/phy-core.o
  CC      drivers/misc/mediatek/ccci_util/ccci_util_lib_time.o
  CC      drivers/misc/mediatek/ccci_util/ccci_util_lib_main.o
  CC      drivers/misc/mediatek/ccci_util/ccci_util_ld_md_errno.o
  AR      drivers/misc/mediatek/cameraisp/dip/isp_6s/built-in.o
  AR      drivers/misc/mediatek/cameraisp/dip/built-in.o
..
  CC      drivers/misc/mediatek/cameraisp/dpe/cameradpe_dummy.o
  CC      drivers/misc/mediatek/ccci_util/ccci_util_broadcast.o
  CC      drivers/misc/mediatek/cameraisp/dpe/isp_60/engine_request.o
  CC      drivers/misc/mediatek/cameraisp/dpe/isp_60/camera_dpe.o
  AR      drivers/phy/broadcom/built-in.o
  AR      drivers/phy/hisilicon/built-in.o
  AR      drivers/phy/marvell/built-in.o
  AR      drivers/phy/mediatek/built-in.o
  AR      drivers/phy/motorola/built-in.o
  AR      drivers/phy/qualcomm/built-in.o
  AR      drivers/phy/ralink/built-in.o
  AR      drivers/phy/samsung/built-in.o
  AR      drivers/phy/st/built-in.o
  AR      drivers/phy/ti/built-in.o
  AR      drivers/phy/built-in.o
  CC      drivers/misc/mediatek/ccci_util/ccci_util_pin_broadcast.o
  CC      drivers/misc/mediatek/cameraisp/dpe/isp_60/videobuf2-dma-contig.o
  CC      drivers/misc/mediatek/ccci_util/ccci_util_sib.o
FDVT: Drv use 5.1 folder
  CC      drivers/misc/mediatek/cameraisp/fdvt/fdvt_dummy.o
  CC      drivers/misc/mediatek/ccci_util/ccci_util_md_rat.o
  CC      drivers/misc/mediatek/cameraisp/fdvt/5.1/camera_fdvt.o
  CC      drivers/misc/mediatek/ccci_util/ccci_util_dummy.o
  AR      drivers/misc/mediatek/cameraisp/dpe/built-in.o
..
  CC      drivers/misc/mediatek/cameraisp/mfb/camera_mfb_dummy.o
  CC      drivers/misc/mediatek/cameraisp/mfb/isp_6s/engine_request.o
  CC      drivers/misc/mediatek/cameraisp/mfb/isp_6s/camera_mfb.o
  AR      drivers/misc/mediatek/ccci_util/ccci_util_lib.o
  AR      drivers/misc/mediatek/ccci_util/built-in.o
  CC      drivers/misc/mediatek/ccmni/ccmni.o
../drivers/misc/mediatek/ccu/src/Makefile:29: CCU_MAKE_FILE_CALLED
  CC      drivers/misc/mediatek/ccu/src/mt6833/ccu_hw.o
  AR      drivers/misc/mediatek/cameraisp/fdvt/5.1/built-in.o
  AR      drivers/misc/mediatek/cameraisp/fdvt/built-in.o
..
  CC      drivers/misc/mediatek/cameraisp/owe/camera_owe_dummy.o
  AR      drivers/misc/mediatek/cameraisp/owe/built-in.o
..
  CC      drivers/misc/mediatek/cameraisp/pda/camera_pda_dummy.o
  AR      drivers/misc/mediatek/cameraisp/pda/built-in.o
..
  CC      drivers/misc/mediatek/cameraisp/rsc/camera_rsc_dummy.o
  CC      drivers/misc/mediatek/cameraisp/rsc/engine_request.o
  CC      drivers/misc/mediatek/ccu/src/mt6833/ccu_reg.o
  CC      drivers/misc/mediatek/ccu/src/mt6833/ccu_kd_mailbox.o
  CC      drivers/misc/mediatek/cameraisp/rsc/isp_6s/camera_rsc.o
  AR      drivers/misc/mediatek/ccmni/eccmni.o
  AR      drivers/misc/mediatek/ccmni/built-in.o
  CC      drivers/misc/mediatek/chip/mtk_chip_common.o
  AR      drivers/misc/mediatek/cameraisp/mfb/built-in.o
  CC      drivers/misc/mediatek/chip/mt6833/mtk_chip.o
  CC      drivers/misc/mediatek/ccu/src/mt6833/ccu_sw_ver.o
  CC      drivers/misc/mediatek/ccu/src/mt6833/ccu_imgsensor.o
  AR      drivers/misc/mic/bus/built-in.o
  AR      drivers/misc/mic/built-in.o
  CC      drivers/misc/mediatek/ccu/src/mt6833/ccu_mva.o
  AR      drivers/misc/ti-st/built-in.o
  CC      drivers/misc/mediatek/ccu/src/mt6833/ccu_qos.o
  AR      drivers/misc/mediatek/chip/mt6833/CHIP.o
  AR      drivers/misc/mediatek/chip/mt6833/built-in.o
  AR      drivers/misc/mediatek/chip/CHIP_COMMON.o
  AR      drivers/misc/mediatek/chip/built-in.o
../drivers/misc/tzdev/Makefile.include:2: "CONFIG_MTK_PLATFORM: "mt6853""
../drivers/misc/tzdev/Makefile.include:3: "CONFIG_TEEGRIS_VERSION_STRING: "4.2.0""
../drivers/misc/tzdev/Makefile.include:2: "CONFIG_MTK_PLATFORM: "mt6853""
../drivers/misc/tzdev/Makefile.include:3: "CONFIG_TEEGRIS_VERSION_STRING: "4.2.0""
  AR      drivers/misc/mediatek/cameraisp/rsc/built-in.o
  CC      drivers/misc/mediatek/cmdq/mailbox/cmdq_sec_mtee.o
  CC      drivers/misc/mediatek/cameraisp/src/cameraisp_dummy.o
  CC      drivers/misc/mediatek/cameraisp/src/mt6853/camera_isp.o
  CC      drivers/misc/mediatek/cameraisp/src/mt6853/cam_qos.o
  CC      drivers/misc/mediatek/ccu/src/mt6833/ccu_drv.o
  CC      drivers/misc/mediatek/cmdq/mailbox/cmdq-sec-helper.o
  CC      drivers/misc/mediatek/cmdq/mailbox/cmdq-sec-mailbox.o
  CC      drivers/misc/mediatek/ccu/src/mt6833/ccu_ipc.o
  CC      drivers/misc/mediatek/cmdq/mailbox/cmdq-test.o
  AR      drivers/misc/mediatek/ccu/src/mt6833/built-in.o
  AR      drivers/misc/mediatek/ccu/src/built-in.o
  CC      drivers/misc/mediatek/cmo/cmo-mtk.o
  CC      drivers/misc/mediatek/cmdq/mailbox/cmdq-util.o
  CC      drivers/misc/mediatek/cmdq/mailbox/mt6833/cmdq-platform.o
  AR      drivers/misc/mediatek/cmo/built-in.o
  CC      drivers/misc/mediatek/conn_md/conn_md.o
  CC      drivers/misc/mediatek/cmdq/mailbox/cmdq-bw-mon.o
  CC      drivers/misc/mediatek/conn_md/conn_md_exp.o
  CC      drivers/misc/mediatek/conn_md/conn_md_log.o
  AR      drivers/misc/mediatek/cmdq/mailbox/built-in.o
  AR      drivers/misc/mediatek/cmdq/built-in.o
  CC      drivers/misc/tzdev/4.2.0/core/cdev.o
  CC      drivers/misc/mediatek/connectivity/common/connectivity_build_in_adapter.o
  CC      drivers/misc/mediatek/conn_md/conn_md_dump.o
  CC      drivers/misc/tzdev/4.2.0/core/cred.o
  CC      drivers/misc/mediatek/conn_md/conn_md_dbg.o
  CC      drivers/misc/tzdev/4.2.0/core/event.o
  AR      drivers/misc/mediatek/cameraisp/src/mt6853/built-in.o
  AR      drivers/misc/mediatek/cameraisp/src/built-in.o
..
  CC      drivers/misc/mediatek/cameraisp/tsf/camera_tsf_dummy.o
  CC      drivers/misc/mediatek/connectivity/common/wmt_build_in_adapter.o
  CC      drivers/misc/mediatek/conn_md/conn_md_test.o
  AR      drivers/misc/mediatek/cameraisp/tsf/built-in.o
  CC      drivers/misc/mediatek/cameraisp/wpe/camerawpe_dummy.o
  CC      drivers/misc/tzdev/4.2.0/core/iwio.o
  AR      drivers/misc/mediatek/cameraisp/wpe/built-in.o
  AR      drivers/misc/mediatek/cameraisp/built-in.o
  CC      drivers/misc/tzdev/4.2.0/core/iwservice.o
  AR      drivers/misc/mediatek/conn_md/conn_md_bridge.o
  AR      drivers/misc/mediatek/conn_md/built-in.o
  CC      drivers/misc/mediatek/cqdma/cqdma.o
  CC      drivers/misc/tzdev/4.2.0/core/iwsock.o
  CC      drivers/misc/mediatek/connectivity/power_throttling/adapter.o
  CC      drivers/misc/mediatek/connectivity/power_throttling/core.o
 TARGET_BUILD_VARIANT = 
 BT_PLATFORM = connac1x
 srctree = ..
  CC      drivers/misc/mediatek/connectivity/bt/mt66xx/wmt/stp_chrdev_bt.o
  AR      drivers/misc/mediatek/cqdma/built-in.o
  CC      drivers/misc/mediatek/connectivity/bt/mt66xx/wmt/btmtk_dbg.o
  CC      drivers/misc/tzdev/4.2.0/core/kthread_pool.o
../drivers/misc/mediatek/connectivity/common/Kbuild:114: wmt_drv build-in boot.img
../drivers/misc/mediatek/connectivity/common/Kbuild:203: KERNEL_VERSION_SUPPORT_CHIPID_LIST=[6833]
  CC      drivers/misc/mediatek/connectivity/common/common_detect/wmt_detect_pwr.o
  CC      drivers/misc/tzdev/4.2.0/core/log.o
  CC      drivers/misc/mediatek/connectivity/common/common_detect/wmt_detect.o
  CC      drivers/misc/tzdev/4.2.0/core/mem.o
  CC      drivers/misc/tzdev/4.2.0/core/notifier.o
  CC      drivers/misc/mediatek/connectivity/common/common_detect/sdio_detect.o
  CC      drivers/misc/mediatek/connectivity/bt/mt66xx/wmt/btmtk_dbg_tp_evt_if.o
  CC      drivers/misc/tzdev/4.2.0/core/ree_time.o
  CC      drivers/misc/mediatek/connectivity/bt/mt66xx/wmt/fw_log_bt.o
  CC      drivers/misc/mediatek/connectivity/common/common_detect/mtk_wcn_stub_alps.o
  CC      drivers/misc/mediatek/connectivity/common/common_detect/wmt_gpio.o
  CC      drivers/misc/tzdev/4.2.0/core/sysdep.o
  AR      drivers/misc/mediatek/connectivity/bt/mt66xx/wmt/bt_drv_connac1x.o
  AR      drivers/misc/mediatek/connectivity/bt/mt66xx/wmt/built-in.o
[fm_drv:Kbuild] M = 
[fm_drv:Kbuild] CFG_FM_PLAT = mt6631_6635
[fm_drv:Kbuild] CFG_BUILD_CONNAC2 = 
[fm_drv:Kbuild] CFG_FM_CHIP_ID = 
[fm_drv:Kbuild] CFG_FM_CHIP = mt6635
[fm_drv:Kbuild] fmradio_drv_mt6631_6635 build-in boot.img
[fm_drv:Kbuild] src = drivers/misc/mediatek/connectivity/fmradio
[fm_drv:Kbuild] KO_CODE_PATH = ../drivers/misc/mediatek/connectivity/fmradio
  CC      drivers/misc/mediatek/connectivity/fmradio/chips/mt6635/pub/mt6635_fm_rds.o
  CC      drivers/misc/tzdev/4.2.0/core/tzdev.o
  CC      drivers/misc/mediatek/connectivity/fmradio/chips/mt6635/pub/mt6635_fm_lib.o
  CC      drivers/misc/mediatek/connectivity/common/common_detect/drv_init/fm_drv_init.o
  CC      drivers/misc/mediatek/connectivity/fmradio/core/fm_module.o
  CC      drivers/misc/mediatek/connectivity/common/common_detect/drv_init/conn_drv_init.o
  CC      drivers/misc/mediatek/connectivity/common/common_detect/drv_init/bluetooth_drv_init.o
  CC      drivers/misc/tzdev/4.2.0/core/uiwsock.o
  CC      drivers/misc/mediatek/connectivity/common/common_detect/drv_init/wlan_drv_init.o
  CC      drivers/misc/mediatek/connectivity/common/common_detect/drv_init/common_drv_init.o
  CC      drivers/misc/mediatek/connectivity/fmradio/core/fm_main.o
  CC      drivers/misc/mediatek/connectivity/common/common_detect/drv_init/gps_drv_init.o
  CC      drivers/misc/tzdev/4.2.0/core/umem.o
  CC      drivers/misc/tzdev/4.2.0/core/iwlog.o
  CC      drivers/misc/mediatek/connectivity/common/common_main/platform/mt6833.o
  CC      drivers/misc/tzdev/4.2.0/core/platform.o
  CC      drivers/misc/mediatek/connectivity/common/common_main/platform/mt6833_dbg.o
  CC      drivers/misc/tzdev/4.2.0/lib/circ_buf.o
  CC      drivers/misc/tzdev/4.2.0/lib/circ_buf_packet.o
  CC      drivers/misc/mediatek/connectivity/fmradio/core/fm_config.o
  CC      drivers/misc/mediatek/connectivity/fmradio/core/fm_rds_parser.o
  CC      drivers/misc/tzdev/4.2.0/extensions/cpufreq_trans.o
  CC      drivers/misc/mediatek/connectivity/common/common_main/platform/wmt_plat_alps.o
  CC      drivers/misc/mediatek/connectivity/fmradio/core/fm_patch.o
  CC      drivers/misc/tzdev/4.2.0/extensions/irs.o
  CC      drivers/misc/mediatek/connectivity/fmradio/core/fm_utils.o
  CC      drivers/misc/tzdev/4.2.0/teec/context.o
  CC      drivers/misc/tzdev/4.2.0/teec/misc.o
  CC      drivers/misc/mediatek/connectivity/common/common_main/platform/mtk_wcn_consys_hw.o
  CC      drivers/misc/mediatek/connectivity/fmradio/core/fm_link.o
  CC      drivers/misc/tzdev/4.2.0/teec/session.o
  CC      drivers/misc/mediatek/connectivity/fmradio/core/fm_eint.o
  CC      drivers/misc/mediatek/connectivity/fmradio/core/fm_cmd.o
  CC      drivers/misc/tzdev/4.2.0/teec/shared_memory.o
  CC      drivers/misc/tzdev/4.2.0/debug/iw_boot_log.o
  CC      drivers/misc/mediatek/connectivity/fmradio/core/fm_reg_utils.o
  CC      drivers/misc/mediatek/connectivity/common/common_main/platform/mtk_wcn_dump_util.o
  CC      drivers/misc/mediatek/connectivity/common/common_main/platform/mtk_wcn_cmb_hw.o
  AR      drivers/misc/tzdev/4.2.0/tzdev.o
  AR      drivers/misc/tzdev/4.2.0/built-in.o
  AR      drivers/misc/tzdev/built-in.o
  CC      drivers/misc/uid_sys_stats.o
  CC      drivers/misc/mediatek/connectivity/fmradio/plat/legacy_wmt.o
  CC      drivers/misc/mediatek/connectivity/common/common_main/core/wmt_ic_6628.o
  CC      drivers/misc/mediatek/connectivity/fmradio/dummy.o
  AR      drivers/misc/mediatek/connectivity/fmradio/fmradio_drv_mt6631_6635.o
  CC      drivers/misc/mediatek/connectivity/common/common_main/core/wmt_conf.o
  AR      drivers/misc/mediatek/connectivity/fmradio/built-in.o
../drivers/misc/mediatek/connectivity/gps/Makefile:17: GPS_CHIP_ID != common
../drivers/misc/mediatek/connectivity/gps/Makefile:226: is connsys_chip judge by CONFIG_MTK_COMBO_CHIP
  CC      drivers/misc/mediatek/connectivity/gps/gps_stp/stp_chrdev_gps.o
  CC      drivers/misc/hardware_info.o
  CC      drivers/misc/mediatek/connectivity/common/common_main/core/stp_core.o
  CC      drivers/misc/mediatek/connectivity/gps/gps_stp/stp_chrdev_gps2.o
  CC      drivers/misc/mediatek/connectivity/gps/gps_stp/lna_ctrl/src/gps_lna_drv.o
  CC      drivers/misc/mediatek/connectivity/gps/gps_stp/gps_emi.o
  CC      drivers/misc/mediatek/connectivity/common/common_main/core/wmt_ctrl.o
  CC      drivers/misc/mediatek/connectivity/gps/gps_stp/fw_log_gps.o
  CC      drivers/misc/mediatek/connectivity/common/common_main/core/wmt_func.o
  AR      drivers/misc/mediatek/connectivity/gps/gps_drv.o
  AR      drivers/misc/mediatek/connectivity/gps/built-in.o
  CC      drivers/misc/mediatek/connectivity/common/common_main/core/wmt_core.o
../drivers/misc/mediatek/connectivity/wlan/adaptor/Makefile:50: wmt_chrdev_wifi build-in boot.img
  CC      drivers/misc/mediatek/connectivity/wlan/adaptor/wmt_cdev_wifi.o
  CC      drivers/misc/mediatek/connectivity/common/common_main/core/psm_core.o
  CC      drivers/misc/mediatek/connectivity/common/common_main/core/wmt_ic_soc.o
  CC      drivers/misc/mediatek/connectivity/common/common_main/core/wmt_lib.o
  CC      drivers/misc/mediatek/connectivity/wlan/adaptor/fw_log_wifi.o
  CC      drivers/misc/mediatek/connectivity/wlan/adaptor/fw_log_ics.o
  CC      drivers/misc/mediatek/connectivity/common/common_main/core/wmt_ic_6620.o
  CC      drivers/misc/mediatek/connectivity/common/common_main/core/stp_exp.o
  CC      drivers/misc/mediatek/connectivity/wlan/adaptor/wlan_ring.o
  CC      drivers/misc/mediatek/connectivity/common/common_main/core/wmt_ic_6632.o
  AR      drivers/misc/mediatek/connectivity/wlan/adaptor/wmt_chrdev_wifi.o
  AR      drivers/misc/mediatek/connectivity/wlan/adaptor/built-in.o
os option: linux
$MTK_PLATFORM is [mt6853]
$WLAN_CHIP_ID is [6833]
$MTK_COMBO_CHIP is [SOC2_1X1]
../drivers/misc/mediatek/connectivity/wlan/core/gen4m/Makefile:545: wlan_drv_gen4m build-in boot.img
$MTK_WLAN_SERVICE is [{wlan_service/agent/agent.o wlan_service/service/service_test.o wlan_service/service/test_engine.o wlan_service/glue/osal/gen4m/sys_adaption_gen4m.o wlan_service/glue/osal/gen4m/net_adaption_gen4m.o wlan_service/glue/hal/gen4m/operation_gen4m.o}]
  CC      drivers/misc/mediatek/connectivity/wlan/core/gen4m/os/linux/plat/mt6833/plat_priv.o
  CC      drivers/misc/mediatek/connectivity/common/common_main/core/wmt_exp.o
  CC      drivers/misc/mediatek/connectivity/common/common_main/core/btm_core.o
  CC      drivers/misc/mediatek/connectivity/common/common_main/core/wmt_ic_6630.o
  CC      drivers/misc/mediatek/connectivity/wlan/core/gen4m/wlan_service/agent/agent.o
  CC      drivers/misc/mediatek/connectivity/wlan/core/gen4m/wlan_service/service/service_test.o
  CC      drivers/misc/mediatek/connectivity/wlan/core/gen4m/wlan_service/service/test_engine.o
  CC      drivers/misc/mediatek/connectivity/common/common_main/linux/hif_sdio.o
  CC      drivers/misc/mediatek/connectivity/wlan/core/gen4m/wlan_service/glue/osal/gen4m/sys_adaption_gen4m.o
  CC      drivers/misc/mediatek/connectivity/wlan/core/gen4m/wlan_service/glue/osal/gen4m/net_adaption_gen4m.o
  CC      drivers/misc/mediatek/connectivity/common/common_main/linux/stp_dbg_soc.o
  CC      drivers/misc/mediatek/connectivity/wlan/core/gen4m/wlan_service/glue/hal/gen4m/operation_gen4m.o
  CC      drivers/misc/mediatek/connectivity/wlan/core/gen4m/common/dump.o
  CC      drivers/misc/mediatek/connectivity/wlan/core/gen4m/common/wlan_lib.o
  CC      drivers/misc/mediatek/connectivity/common/common_main/linux/stp_dbg_combo.o
  CC      drivers/misc/mediatek/connectivity/common/common_main/linux/osal.o
  CC      drivers/misc/mediatek/connectivity/common/common_main/linux/wmt_dev.o
  CC      drivers/misc/mediatek/connectivity/common/common_main/linux/stp_sdio.o
  CC      drivers/misc/mediatek/connectivity/wlan/core/gen4m/common/wlan_oid.o
  CC      drivers/misc/mediatek/connectivity/common/common_main/linux/bgw_desense.o
  CC      drivers/misc/mediatek/connectivity/common/common_main/linux/wmt_idc.o
  CC      drivers/misc/mediatek/connectivity/common/common_main/linux/stp_uart.o
  CC      drivers/misc/mediatek/connectivity/wlan/core/gen4m/common/wlan_bow.o
  CC      drivers/misc/mediatek/connectivity/wlan/core/gen4m/common/debug.o
  CC      drivers/misc/mediatek/connectivity/common/common_main/linux/wmt_dbg.o
  CC      drivers/misc/mediatek/dbgtop/dbgtop.o
  CC      drivers/misc/mediatek/connectivity/common/common_main/linux/stp_dbg.o
  CC      drivers/misc/mediatek/connectivity/common/common_main/linux/wmt_user_proc.o
  CC      drivers/misc/mediatek/connectivity/wlan/core/gen4m/common/mot_config.o
  AR      drivers/misc/mediatek/dbgtop/built-in.o
  CC      drivers/misc/mediatek/debug_latch/cache_parity/cache_parity.o
  CC      drivers/misc/mediatek/connectivity/common/common_main/linux/wmt_proc_dbg.o
  AR      drivers/misc/mediatek/debug_latch/cache_parity/built-in.o
  CC      drivers/misc/mediatek/debug_latch/plat_dbg_info/plat_dbg_info.o
  CC      drivers/misc/mediatek/connectivity/wlan/core/gen4m/common/wlan_p2p.o
  CC      drivers/misc/mediatek/debug_latch/plat_dbg_info/plat_sram_flag.o
  CC      drivers/misc/mediatek/connectivity/common/common_main/linux/wmt_alarm.o
  CC      drivers/misc/mediatek/connectivity/common/common_main/linux/fw_log_wmt.o
  CC      drivers/misc/mediatek/connectivity/common/common_main/linux/stp_btif.o
  AR      drivers/misc/mediatek/debug_latch/plat_dbg_info/built-in.o
  AR      drivers/misc/mediatek/debug_latch/built-in.o
  CC      drivers/misc/mediatek/debug_tracer/bus_tracer/bus_tracer_interface.o
  CC      drivers/misc/mediatek/connectivity/wlan/core/gen4m/common/wlan_he.o
  CC      drivers/misc/mediatek/connectivity/wlan/core/gen4m/nic/nic.o
  CC      drivers/misc/mediatek/connectivity/common/debug_utility/ring.o
  CC      drivers/misc/mediatek/debug_tracer/bus_tracer/v1/bus_tracer_v1.o
  CC      drivers/misc/mediatek/connectivity/common/debug_utility/ring_emi.o
  CC      drivers/misc/mediatek/connectivity/common/debug_utility/connsys_debug_utility.o
  AR      drivers/misc/mediatek/debug_tracer/bus_tracer/v1/built-in.o
  AR      drivers/misc/mediatek/debug_tracer/bus_tracer/built-in.o
  AR      drivers/misc/mediatek/debug_tracer/built-in.o
  CC      drivers/misc/mediatek/devapc/devapc-mtk-multi-ao.o
  CC      drivers/misc/mediatek/connectivity/wlan/core/gen4m/nic/nic_tx.o
  AR      drivers/misc/mediatek/connectivity/common/wmt_drv.o
  AR      drivers/misc/mediatek/connectivity/common/built-in.o
  CC      drivers/misc/mediatek/devapc/devapc-mt6833.o
  CC      drivers/misc/mediatek/connectivity/wlan/core/gen4m/nic/nic_txd_v1.o
  CC      drivers/misc/mediatek/connectivity/wlan/core/gen4m/nic/nic_rxd_v1.o
  AR      drivers/misc/mediatek/devapc/built-in.o
  CC      drivers/misc/mediatek/devinfo/devinfo.o
  AR      drivers/misc/mediatek/connectivity/connadp.o
  CC      drivers/misc/mediatek/connectivity/wlan/core/gen4m/nic/nic_rx.o
  CC      drivers/misc/mediatek/connectivity/wlan/core/gen4m/nic/nic_pwr_mgt.o
  CC      drivers/misc/mediatek/connectivity/wlan/core/gen4m/nic/nic_rate.o
  AR      drivers/misc/mediatek/devinfo/built-in.o
  CC      drivers/misc/mediatek/devmpu/devmpu.o
  CC      drivers/misc/mediatek/connectivity/wlan/core/gen4m/nic/cmd_buf.o
  AR      drivers/misc/mediatek/devmpu/built-in.o
  CC      drivers/misc/mediatek/dfd/dfd.o
  CC      drivers/misc/mediatek/connectivity/wlan/core/gen4m/nic/que_mgt.o
  CC      drivers/misc/mediatek/connectivity/wlan/core/gen4m/nic/nic_cmd_event.o
  CC      drivers/misc/mediatek/dfd/mt6853/plat_dfd.o
  AR      drivers/misc/mediatek/dfd/mt6853/built-in.o
  AR      drivers/misc/mediatek/dfd/built-in.o
  CC      drivers/misc/mediatek/eccci/ccci_core.o
  CC      drivers/misc/mediatek/eccci/ccci_bm.o
  CC      drivers/misc/mediatek/eccci/ccci_modem.o
  CC      drivers/misc/mediatek/connectivity/wlan/core/gen4m/nic/nic_umac.o
  CC      drivers/misc/mediatek/connectivity/wlan/core/gen4m/nic/p2p_nic.o
  CC      drivers/misc/mediatek/eccci/modem_sys1.o
  CC      drivers/misc/mediatek/eccci/ccci_auxadc.o
  CC      drivers/misc/mediatek/connectivity/wlan/core/gen4m/os/linux/gl_init.o
  CC      drivers/misc/mediatek/eccci/modem_sys3.o
  CC      drivers/misc/mediatek/eccci/modem_io_device.o
  CC      drivers/misc/mediatek/connectivity/wlan/core/gen4m/os/linux/gl_kal.o
  CC      drivers/misc/mediatek/eccci/fsm/ccci_fsm.o
  CC      drivers/misc/mediatek/eccci/fsm/ccci_fsm_ioctl.o
  CC      drivers/misc/mediatek/eccci/fsm/ccci_fsm_monitor.o
  CC      drivers/misc/mediatek/eccci/fsm/ccci_fsm_poller.o
  CC      drivers/misc/mediatek/connectivity/wlan/core/gen4m/os/linux/gl_bow.o
  CC      drivers/misc/mediatek/eccci/fsm/ccci_fsm_scp.o
  CC      drivers/misc/mediatek/eccci/fsm/ccci_fsm_ee.o
  CC      drivers/misc/mediatek/connectivity/wlan/core/gen4m/os/linux/gl_wext.o
  CC      drivers/misc/mediatek/eccci/fsm/ccci_fsm_sys.o
  CC      drivers/misc/mediatek/connectivity/wlan/core/gen4m/os/linux/gl_wext_priv.o
  CC      drivers/misc/mediatek/connectivity/wlan/core/gen4m/os/linux/gl_ate_agent.o
  CC      drivers/misc/mediatek/eccci/fsm/mdee_dumper_v1.o
  CC      drivers/misc/mediatek/eccci/fsm/mdee_dumper_v2.o
  CC      drivers/misc/mediatek/connectivity/wlan/core/gen4m/os/linux/gl_qa_agent.o
  CC      drivers/misc/mediatek/eccci/hif/ccci_hif.o
  CC      drivers/misc/mediatek/eccci/fsm/mdee_dumper_v3.o
  CC      drivers/misc/mediatek/eccci/hif/ccci_hif_cldma.o
  CC      drivers/misc/mediatek/eccci/fsm/mdee_dumper_v5.o
  AR      drivers/misc/mediatek/eccci/fsm/ccci_fsm_all.o
  AR      drivers/misc/mediatek/eccci/fsm/built-in.o
  CC      drivers/misc/mediatek/eccci/mixdev/mix_event.o
  CC      drivers/misc/mediatek/connectivity/wlan/core/gen4m/os/linux/gl_hook_api.o
  CC      drivers/misc/mediatek/connectivity/wlan/core/gen4m/os/linux/gl_rst.o
  CC      drivers/misc/mediatek/eccci/hif/ccci_hif_dpmaif.o
  AR      drivers/misc/mediatek/eccci/mixdev/mix_event_lib.o
  AR      drivers/misc/mediatek/eccci/mixdev/built-in.o
  CC      drivers/misc/mediatek/eccci/mt6833/ccci_platform.o
  CC      drivers/misc/mediatek/eccci/mt6833/ap_md_reg_dump.o
  CC      drivers/misc/mediatek/eccci/mt6833/md_sys1_platform.o
  CC      drivers/misc/mediatek/connectivity/wlan/core/gen4m/os/linux/gl_cfg80211.o
  CC      drivers/misc/mediatek/connectivity/wlan/core/gen4m/os/linux/gl_proc.o
  CC      drivers/misc/mediatek/eccci/hif/dpmaif_drv.o
  AR      drivers/misc/mediatek/eccci/mt6833/ccci.o
  AR      drivers/misc/mediatek/eccci/mt6833/built-in.o
  CC      drivers/misc/mediatek/eccci/port/port_cfg.o
  CC      drivers/misc/mediatek/connectivity/wlan/core/gen4m/os/linux/gl_sys.o
  CC      drivers/misc/mediatek/eccci/hif/net_speed_monitor.o
  CC      drivers/misc/mediatek/eccci/port/port_char.o
  CC      drivers/misc/mediatek/eccci/port/port_ctlmsg.o
  CC      drivers/misc/mediatek/connectivity/wlan/core/gen4m/os/linux/gl_vendor.o
  CC      drivers/misc/mediatek/eccci/hif/ccci_ringbuf.o
  CC      drivers/misc/mediatek/eccci/udc/udc.o
  CC      drivers/misc/mediatek/eccci/port/port_udc.o
  CC      drivers/misc/mediatek/eccci/hif/ccci_hif_ccif.o
  AR      drivers/misc/mediatek/eccci/udc/built-in.o
  CC      drivers/misc/mediatek/eccci/port/port_misc.o
  CC      drivers/misc/mediatek/eccci/port/port_ipc.o
  CC      drivers/misc/mediatek/eccci/port/port_net.o
  CC      drivers/misc/mediatek/connectivity/wlan/core/gen4m/os/linux/platform.o
  CC      drivers/misc/mediatek/eccci/port/port_poller.o
  AR      drivers/misc/mediatek/eccci/hif/ccci_hif_all.o
  AR      drivers/misc/mediatek/eccci/hif/built-in.o
  AR      drivers/misc/mediatek/eccci/ccci.o
  CC      drivers/misc/mediatek/connectivity/wlan/core/gen4m/os/linux/gl_p2p.o
  CC      drivers/misc/mediatek/eccci/port/port_proxy.o
  CC      drivers/misc/mediatek/connectivity/wlan/core/gen4m/os/linux/gl_p2p_cfg80211.o
  CC      drivers/misc/mediatek/ext_gic/mtk-gic-v3-extend.o
  CC      drivers/misc/mediatek/connectivity/wlan/core/gen4m/os/linux/gl_p2p_init.o
  CC      drivers/misc/mediatek/ext_gic/mt6853/plat_sw_mode.o
  AR      drivers/misc/mediatek/ext_gic/mt6853/built-in.o
  AR      drivers/misc/mediatek/ext_gic/built-in.o
  CC      drivers/misc/mediatek/eccci/port/port_rpc.o
  CC      drivers/misc/mediatek/flashlight/flashlight-core.o
  CC      drivers/misc/mediatek/flashlight/flashlight-device.o
  CC      drivers/misc/mediatek/flashlight/flashlights-mt6360.o
  CC      drivers/misc/mediatek/connectivity/wlan/core/gen4m/os/linux/gl_p2p_kal.o
  CC      drivers/misc/mediatek/eccci/port/port_smem.o
  AR      drivers/misc/mediatek/flashlight/flashlight.o
  CC      drivers/misc/mediatek/eccci/port/port_sysmsg.o
  AR      drivers/misc/mediatek/flashlight/built-in.o
  CC      drivers/misc/mediatek/flashlight/richtek/rt-flashlight.o
  CC      drivers/misc/mediatek/flashlight/richtek/rtfled.o
  CC      drivers/misc/mediatek/eccci/port/ccci_swtp.o
  CC      drivers/misc/mediatek/connectivity/wlan/core/gen4m/os/linux/hif/common/hal_pdma.o
  CC      drivers/misc/mediatek/connectivity/wlan/core/gen4m/os/linux/hif/common/kal_pdma.o
  AR      drivers/misc/mediatek/eccci/port/ccci_port.o
  AR      drivers/misc/mediatek/eccci/port/built-in.o
  AR      drivers/misc/mediatek/eccci/built-in.o
  CC      drivers/misc/mediatek/connectivity/wlan/core/gen4m/os/linux/hif/common/dbg_pdma.o
  AR      drivers/misc/mediatek/flashlight/richtek/built-in.o
  CC      drivers/misc/mediatek/freqhopping/fhctl_new/clk-fhctl.o
  CC      drivers/misc/mediatek/freqhopping/fhctl_new/clk-fhctl-ap.o
  CC      drivers/misc/mediatek/freqhopping/fhctl_new/clk-fhctl-pll.o
  CC      drivers/misc/mediatek/freqhopping/fhctl_new/clk-fhctl-mcupm.o
  CC      drivers/misc/mediatek/connectivity/wlan/core/gen4m/os/linux/hif/common/sw_wfdma.o
  CC      drivers/misc/mediatek/connectivity/wlan/core/gen4m/os/linux/hif/axi/axi.o
  AR      drivers/misc/mediatek/freqhopping/fhctl_new/fhctl.o
  AR      drivers/misc/mediatek/freqhopping/fhctl_new/built-in.o
  CC      drivers/misc/mediatek/connectivity/wlan/core/gen4m/mgmt/ais_fsm.o
  AR      drivers/misc/mediatek/freqhopping/built-in.o
  CC      drivers/misc/mediatek/geniezone/gz_main.o
  CC      drivers/misc/mediatek/geniezone/mtee_ut/gz_ut.o
  CC      drivers/misc/mediatek/connectivity/wlan/core/gen4m/mgmt/aaa_fsm.o
  CC      drivers/misc/mediatek/geniezone/mtee_ut/gz_chmem_ut.o
MTK_GPU_VERSION 1 = mali
  CC      drivers/misc/mediatek/geniezone/mtee_ut/gz_shmem_ut.o
  CC      drivers/misc/mediatek/gpu/gpu_bm/gpu_bm.o
  CC      drivers/misc/mediatek/gpu/ged/src/ged_ski.o
  CC      drivers/misc/mediatek/connectivity/wlan/core/gen4m/mgmt/assoc.o
  CC      drivers/misc/mediatek/geniezone/mtee_ut/gz_vreg_ut.o
  CC      drivers/misc/mediatek/gpu/ged/src/ged.o
  CC      drivers/misc/mediatek/geniezone/gz-trusty/trusty.o
  AR      drivers/misc/mediatek/gpu/gpu_bm/built-in.o
  CC      drivers/misc/mediatek/geniezone/gz-trusty/trusty-irq.o
  CC      drivers/misc/mediatek/gpu/ged/src/ged_base.o
  CC      drivers/misc/mediatek/gpu/ged/src/ged_main.o
  CC      drivers/misc/mediatek/connectivity/wlan/core/gen4m/mgmt/auth.o
  CC      drivers/misc/mediatek/gpu/ged/src/ged_sysfs.o
  CC      drivers/misc/mediatek/geniezone/gz-trusty/trusty-mem.o
  CC      drivers/misc/mediatek/gpu/ged/src/ged_hal.o
************  drivers/trusty/mtee-kree mk ************
../drivers/misc/tzdev/Makefile.include:2: "CONFIG_MTK_PLATFORM: "mt6853""
../drivers/misc/tzdev/Makefile.include:3: "CONFIG_TEEGRIS_VERSION_STRING: "4.2.0""
  CC      drivers/misc/mediatek/geniezone/mtee-kree/tz_mmap.o
  CC      drivers/misc/mediatek/geniezone/gz-trusty/trusty-virtio.o
  CC      drivers/misc/mediatek/connectivity/wlan/core/gen4m/mgmt/bss.o
  CC      drivers/misc/mediatek/geniezone/mtee-kree/tz_system.o
  CC      drivers/misc/mediatek/gpu/ged/src/ged_log.o
  CC      drivers/misc/mediatek/geniezone/gz-trusty/trusty-ipc.o
  CC      drivers/misc/mediatek/gpu/ged/src/ged_bridge.o
  CC      drivers/misc/mediatek/geniezone/mtee-kree/kree_mem.o
  CC      drivers/misc/mediatek/connectivity/wlan/core/gen4m/mgmt/cnm.o
  CC      drivers/misc/mediatek/gpu/ged/src/ged_monitor_3D_fence.o
  CC      drivers/misc/mediatek/gpu/ged/src/ged_notify_sw_vsync.o
  CC      drivers/misc/mediatek/geniezone/gz-trusty/smcnr-table.o
  AR      drivers/misc/mediatek/geniezone/mtee-kree/built-in.o
  CC      drivers/misc/mediatek/geniezone/gz-trusty/gz-log.o
  CC      drivers/misc/mediatek/gpu/ged/src/ged_hashtable.o
  CC      drivers/misc/mediatek/gpu/ged/src/ged_thread.o
  CC      drivers/misc/mediatek/gpu/ged/src/ged_ge.o
  CC      drivers/misc/mediatek/connectivity/wlan/core/gen4m/mgmt/cnm_timer.o
  AR      drivers/misc/mediatek/geniezone/gz-trusty/built-in.o
  AR      drivers/misc/mediatek/geniezone/built-in.o
  CC      drivers/misc/mediatek/connectivity/wlan/core/gen4m/mgmt/cnm_mem.o
  CC      drivers/misc/mediatek/connectivity/wlan/core/gen4m/mgmt/hem_mbox.o
  CC      drivers/misc/mediatek/gpu/ged/src/ged_dvfs.o
  CC      drivers/misc/mediatek/gpu/ged/src/ged_gpu_tuner.o
imgsensor drv by common ../common/v1_1/w1hi4821qrearqt_mipi_raw/ ../common/v1_1/w1hi4821qrearsy_mipi_raw/ ../common/v1_1/w1ov48b2qrearxl_mipi_raw/ ../common/v1_1/w1ov64b40reartxd_mipi_raw/ ../common/v1_1/w1hi846frontst_mipi_raw/ ../common/v1_1/w1gc8034frontdc_mipi_raw/ ../common/v1_1/w1hi846frontst2_mipi_raw/ ../common/v1_1/w1c8490fronttxd_mipi_raw/ ../common/v1_1/w1c2515depsj_mipi_mono/ ../common/v1_1/w1c2515depsj64_mipi_mono/ ../common/v1_1/w1bf2253deplh_mipi_raw/ ../common/v1_1/w1bf2253deplh3_mipi_raw/ ../common/v1_1/w1bf2253deplh64_mipi_raw/ ../common/v1_1/w1gc02m1bdepcxt_mipi_mono/ ../common/v1_1/w1gc02m1bdepcxt5_mipi_mono/ ../common/v1_1/w1hi556widexl_mipi_raw/ ../common/v1_1/w1gc5035cwidecxt_mipi_raw/ ../common/v1_1/w1sc500cswidely_mipi_raw/
imgsensor drv by platform 
imgsensor subdir-ccflags-y = -I../drivers/misc/mediatek/imgsensor/src/common/v1_1 -I../drivers/misc/mediatek/mmdvfs -I../drivers/i2c/busses/ -I../drivers/misc/mediatek/imgsensor/src/mt6853/camera_hw_mt6833 -I../drivers/misc/mediatek/imgsensor/src/mt6853/camera_hw -I../drivers/misc/mediatek/imgsensor/src/common/v1_1/camera_hw -DSENSOR_PARALLEISM -I../drivers/misc/mediatek/imgsensor/src/mt6853/seninf_mt6833/ -I../drivers/misc/mediatek/imgsensor/src/mt6853/seninf/
  CC      drivers/misc/mediatek/imgsensor/src/mt6853/../common/v1_1/imgsensor.o
  CC      drivers/misc/mediatek/imgsensor/src/mt6853/../common/v1_1/imgsensor_hw.o
  CC      drivers/misc/mediatek/gpu/ged/src/ged_kpi.o
  CC      drivers/misc/mediatek/connectivity/wlan/core/gen4m/mgmt/mib.o
  CC      drivers/misc/mediatek/imgsensor/src/mt6853/../common/v1_1/imgsensor_i2c.o
  AR      drivers/misc/mediatek/gpu/ged/ged.o
  AR      drivers/misc/mediatek/gpu/ged/built-in.o
*MTK_GPU_VERSION 2 = valhall
*MTK_GPU_VERSION 3 = r32p1
mali MTK evironment, building r32p1 DDK
mtk-Kbuild CONFIG_MALI_PLATFORM_THIRDPARTY := y
mtk-Kbuild CONFIG_MALI_PLATFORM_THIRDPARTY_NAME := "mt6833"
*GPU defined GPU BM QoS 2.0
mali MTK evironment, building r32p1 DDK
mtk-Kbuild CONFIG_MALI_PLATFORM_THIRDPARTY := y
mtk-Kbuild CONFIG_MALI_PLATFORM_THIRDPARTY_NAME := "mt6833"
*GPU defined GPU BM QoS 2.0
mali MTK evironment, building r32p1 DDK
mtk-Kbuild CONFIG_MALI_PLATFORM_THIRDPARTY := y
mtk-Kbuild CONFIG_MALI_PLATFORM_THIRDPARTY_NAME := "mt6833"
*GPU defined GPU BM QoS 2.0
  CC      drivers/misc/mediatek/gpu/gpu_mali/mali_valhall/mali-r32p1/drivers/gpu/arm/midgard/platform/mtk_platform_common/mtk_platform_common.o
  CC      drivers/misc/mediatek/connectivity/wlan/core/gen4m/mgmt/privacy.o
  CC      drivers/misc/mediatek/gpu/gpu_mali/mali_valhall/mali-r32p1/drivers/gpu/arm/midgard/platform/mtk_platform_common/mtk_gpu_dvfs.o
  CC      drivers/misc/mediatek/gpu/gpu_mali/mali_valhall/mali-r32p1/drivers/gpu/arm/midgard/platform/mtk_platform_common/mtk_mfg_counter.o
  CC      drivers/misc/mediatek/imgsensor/src/mt6853/../common/v1_1/imgsensor_legacy.o
  CC      drivers/misc/mediatek/imgsensor/src/mt6853/../common/v1_1/imgsensor_proc.o
  CC      drivers/misc/mediatek/connectivity/wlan/core/gen4m/mgmt/rate.o
  CC      drivers/misc/mediatek/gpu/gpu_mali/mali_valhall/mali-r32p1/drivers/gpu/arm/midgard/platform/mtk_platform_common/mtk_gpu_power_sspm_ipi.o
  CC      drivers/misc/mediatek/imgsensor/src/mt6853/../common/v1_1/imgsensor_sensor_list.o
  CC      drivers/misc/mediatek/connectivity/wlan/core/gen4m/mgmt/rlm.o
  CC      drivers/misc/mediatek/imgsensor/src/mt6853/../common/v1_1/seninf.o
  CC      drivers/misc/mediatek/imgsensor/src/mt6853/../common/v1_1/imgsensor_pwr_seq.o
  CC      drivers/misc/mediatek/connectivity/wlan/core/gen4m/mgmt/rlm_domain.o
  CC      drivers/misc/mediatek/gpu/gpu_mali/mali_valhall/mali-r32p1/drivers/gpu/arm/midgard/mali_kbase_cache_policy.o
  CC      drivers/misc/mediatek/imgsensor/src/mt6853/../common/v1_1/w1bf2253deplh3_mipi_raw/w1bf2253deplh3_mipiraw_sensor.o
  CC      drivers/misc/mediatek/gpu/gpu_mali/mali_valhall/mali-r32p1/drivers/gpu/arm/midgard/mali_kbase_ccswe.o
  CC      drivers/misc/mediatek/imgsensor/src/mt6853/../common/v1_1/w1bf2253deplh64_mipi_raw/w1bf2253deplh64_mipiraw_sensor.o
  CC      drivers/misc/mediatek/connectivity/wlan/core/gen4m/mgmt/reg_rule.o
  AR      drivers/misc/mediatek/imgsensor/src/mt6853/../common/v1_1/w1bf2253deplh3_mipi_raw/built-in.o
  CC      drivers/misc/mediatek/connectivity/wlan/core/gen4m/mgmt/rlm_obss.o
  CC      drivers/misc/mediatek/gpu/gpu_mali/mali_valhall/mali-r32p1/drivers/gpu/arm/midgard/mali_kbase_mem.o
  CC      drivers/misc/mediatek/gpu/gpu_mali/mali_valhall/mali-r32p1/drivers/gpu/arm/midgard/mali_kbase_mem_pool_group.o
  CC      drivers/misc/mediatek/connectivity/wlan/core/gen4m/mgmt/rlm_protection.o
  AR      drivers/misc/mediatek/imgsensor/src/mt6853/../common/v1_1/w1bf2253deplh64_mipi_raw/built-in.o
  CC      drivers/misc/mediatek/imgsensor/src/mt6853/../common/v1_1/w1bf2253deplh_mipi_raw/w1bf2253deplh_mipiraw_sensor.o
  CC      drivers/misc/mediatek/connectivity/wlan/core/gen4m/mgmt/rrm.o
  CC      drivers/misc/mediatek/connectivity/wlan/core/gen4m/mgmt/rsn.o
  AR      drivers/misc/mediatek/imgsensor/src/mt6853/../common/v1_1/w1bf2253deplh_mipi_raw/built-in.o
  CC      drivers/misc/mediatek/imgsensor/src/mt6853/../common/v1_1/w1c2515depsj64_mipi_mono/w1c2515depsj64_mipimono_sensor.o
  AR      drivers/misc/mediatek/imgsensor/src/mt6853/../common/v1_1/w1c2515depsj64_mipi_mono/built-in.o
  CC      drivers/misc/mediatek/imgsensor/src/mt6853/../common/v1_1/w1c2515depsj_mipi_mono/w1c2515depsj_mipimono_sensor.o
  CC      drivers/misc/mediatek/imgsensor/src/mt6853/../common/v1_1/w1c8490fronttxd_mipi_raw/w1c8490fronttxd_mipiraw_sensor.o
  CC      drivers/misc/mediatek/gpu/gpu_mali/mali_valhall/mali-r32p1/drivers/gpu/arm/midgard/mali_kbase_native_mgm.o
  CC      drivers/misc/mediatek/connectivity/wlan/core/gen4m/mgmt/saa_fsm.o
  AR      drivers/misc/mediatek/imgsensor/src/mt6853/../common/v1_1/w1c2515depsj_mipi_mono/built-in.o
  CC      drivers/misc/mediatek/gpu/gpu_mali/mali_valhall/mali-r32p1/drivers/gpu/arm/midgard/mali_kbase_ctx_sched.o
  AR      drivers/misc/mediatek/imgsensor/src/mt6853/../common/v1_1/w1c8490fronttxd_mipi_raw/built-in.o
  CC      drivers/misc/mediatek/gpu/gpu_mali/mali_valhall/mali-r32p1/drivers/gpu/arm/midgard/mali_kbase_gpuprops.o
  CC      drivers/misc/mediatek/imgsensor/src/mt6853/../common/v1_1/w1gc02m1bdepcxt5_mipi_mono/w1gc02m1bdepcxt5_mipimono_Sensor.o
  CC      drivers/misc/mediatek/imgsensor/src/mt6853/../common/v1_1/w1gc02m1bdepcxt_mipi_mono/w1gc02m1bdepcxt_mipimono_Sensor.o
  CC      drivers/misc/mediatek/connectivity/wlan/core/gen4m/mgmt/scan.o
  AR      drivers/misc/mediatek/imgsensor/src/mt6853/../common/v1_1/w1gc02m1bdepcxt_mipi_mono/built-in.o
  CC      drivers/misc/mediatek/imgsensor/src/mt6853/../common/v1_1/w1gc5035cwidecxt_mipi_raw/w1gc5035cwidecxt_mipi_raw.o
  AR      drivers/misc/mediatek/imgsensor/src/mt6853/../common/v1_1/w1gc02m1bdepcxt5_mipi_mono/built-in.o
  CC      drivers/misc/mediatek/imgsensor/src/mt6853/../common/v1_1/w1gc8034frontdc_mipi_raw/w1gc8034frontdc_mipi_Sensor.o
  CC      drivers/misc/mediatek/gpu/gpu_mali/mali_valhall/mali-r32p1/drivers/gpu/arm/midgard/mali_kbase_pm.o
  AR      drivers/misc/mediatek/imgsensor/src/mt6853/../common/v1_1/w1gc5035cwidecxt_mipi_raw/built-in.o
  CC      drivers/misc/mediatek/imgsensor/src/mt6853/../common/v1_1/w1hi4821qrearqt_mipi_raw/w1hi4821qrearqt_mipiraw_Sensor.o
  AR      drivers/misc/mediatek/imgsensor/src/mt6853/../common/v1_1/w1gc8034frontdc_mipi_raw/built-in.o
  CC      drivers/misc/mediatek/connectivity/wlan/core/gen4m/mgmt/scan_fsm.o
  CC      drivers/misc/mediatek/gpu/gpu_mali/mali_valhall/mali-r32p1/drivers/gpu/arm/midgard/mali_kbase_config.o
  CC      drivers/misc/mediatek/gpu/gpu_mali/mali_valhall/mali-r32p1/drivers/gpu/arm/midgard/mali_kbase_vinstr.o
  CC      drivers/misc/mediatek/gpu/gpu_mali/mali_valhall/mali-r32p1/drivers/gpu/arm/midgard/mali_kbase_hwcnt.o
  AR      drivers/misc/mediatek/imgsensor/src/mt6853/../common/v1_1/w1hi4821qrearqt_mipi_raw/built-in.o
  CC      drivers/misc/mediatek/imgsensor/src/mt6853/../common/v1_1/w1hi4821qrearsy_mipi_raw/w1hi4821qrearsy_mipiraw_Sensor.o
  CC      drivers/misc/mediatek/gpu/gpu_mali/mali_valhall/mali-r32p1/drivers/gpu/arm/midgard/mali_kbase_hwcnt_gpu.o
  CC      drivers/misc/mediatek/connectivity/wlan/core/gen4m/mgmt/scan_cache.o
  CC      drivers/misc/mediatek/gpu/gpu_mali/mali_valhall/mali-r32p1/drivers/gpu/arm/midgard/mali_kbase_hwcnt_legacy.o
  CC      drivers/misc/mediatek/connectivity/wlan/core/gen4m/mgmt/swcr.o
  AR      drivers/misc/mediatek/imgsensor/src/mt6853/../common/v1_1/w1hi4821qrearsy_mipi_raw/built-in.o
  CC      drivers/misc/mediatek/imgsensor/src/mt6853/../common/v1_1/w1hi556widexl_mipi_raw/w1hi556widexl_mipi_raw.o
  CC      drivers/misc/mediatek/gpu/gpu_mali/mali_valhall/mali-r32p1/drivers/gpu/arm/midgard/mali_kbase_hwcnt_types.o
  AR      drivers/misc/mediatek/imgsensor/src/mt6853/../common/v1_1/w1hi556widexl_mipi_raw/built-in.o
  CC      drivers/misc/mediatek/imgsensor/src/mt6853/../common/v1_1/w1hi846frontst2_mipi_raw/w1hi846frontst2_mipiraw_Sensor.o
  CC      drivers/misc/mediatek/gpu/gpu_mali/mali_valhall/mali-r32p1/drivers/gpu/arm/midgard/mali_kbase_hwcnt_virtualizer.o
  CC      drivers/misc/mediatek/gpu/gpu_mali/mali_valhall/mali-r32p1/drivers/gpu/arm/midgard/mali_kbase_softjobs.o
  CC      drivers/misc/mediatek/gpu/gpu_mali/mali_valhall/mali-r32p1/drivers/gpu/arm/midgard/mali_kbase_hw.o
  CC      drivers/misc/mediatek/connectivity/wlan/core/gen4m/mgmt/roaming_fsm.o
  AR      drivers/misc/mediatek/imgsensor/src/mt6853/../common/v1_1/w1hi846frontst2_mipi_raw/built-in.o
  CC      drivers/misc/mediatek/imgsensor/src/mt6853/../common/v1_1/w1hi846frontst_mipi_raw/w1hi846frontst_mipiraw_Sensor.o
  CC      drivers/misc/mediatek/gpu/gpu_mali/mali_valhall/mali-r32p1/drivers/gpu/arm/midgard/mali_kbase_debug.o
  AR      drivers/misc/mediatek/imgsensor/src/mt6853/../common/v1_1/w1hi846frontst_mipi_raw/built-in.o
  CC      drivers/misc/mediatek/imgsensor/src/mt6853/../common/v1_1/w1ov48b2qrearxl_mipi_raw/w1ov48b2qrearxl_mipi_raw.o
  CC      drivers/misc/mediatek/connectivity/wlan/core/gen4m/mgmt/tkip_mic.o
  CC      drivers/misc/mediatek/connectivity/wlan/core/gen4m/mgmt/hs20.o
  CC      drivers/misc/mediatek/gpu/gpu_mali/mali_valhall/mali-r32p1/drivers/gpu/arm/midgard/mali_kbase_gpu_memory_debugfs.o
  AR      drivers/misc/mediatek/imgsensor/src/mt6853/../common/v1_1/w1ov48b2qrearxl_mipi_raw/built-in.o
  CC      drivers/misc/mediatek/imgsensor/src/mt6853/../common/v1_1/w1ov64b40reartxd_mipi_raw/w1ov64b40reartxd_mipi_raw.o
  CC      drivers/misc/mediatek/gpu/gpu_mali/mali_valhall/mali-r32p1/drivers/gpu/arm/midgard/mali_kbase_mem_linux.o
  CC      drivers/misc/mediatek/gpu/gpu_mali/mali_valhall/mali-r32p1/drivers/gpu/arm/midgard/mali_kbase_core_linux.o
  CC      drivers/misc/mediatek/connectivity/wlan/core/gen4m/mgmt/tdls.o
  AR      drivers/misc/mediatek/imgsensor/src/mt6853/../common/v1_1/w1ov64b40reartxd_mipi_raw/built-in.o
  CC      drivers/misc/mediatek/imgsensor/src/mt6853/../common/v1_1/w1sc500cswidely_mipi_raw/w1sc500cswidely_mipi_raw.o
  AR      drivers/misc/mediatek/imgsensor/src/mt6853/../common/v1_1/w1sc500cswidely_mipi_raw/built-in.o
  CC      drivers/misc/mediatek/imgsensor/src/mt6853/camera_hw_mt6833/../../common/v1_1/camera_hw/gpio/gpio.o
  CC      drivers/misc/mediatek/connectivity/wlan/core/gen4m/mgmt/wnm.o
  CC      drivers/misc/mediatek/gpu/gpu_mali/mali_valhall/mali-r32p1/drivers/gpu/arm/midgard/mali_kbase_mem_profile_debugfs.o
  AR      drivers/misc/mediatek/imgsensor/src/mt6853/camera_hw_mt6833/../../common/v1_1/camera_hw/gpio/built-in.o
  CC      drivers/misc/mediatek/imgsensor/src/mt6853/camera_hw_mt6833/../../common/v1_1/camera_hw/mclk/mclk.o
  CC      drivers/misc/mediatek/gpu/gpu_mali/mali_valhall/mali-r32p1/drivers/gpu/arm/midgard/mali_kbase_disjoint_events.o
  CC      drivers/misc/mediatek/gpu/gpu_mali/mali_valhall/mali-r32p1/drivers/gpu/arm/midgard/mali_kbase_gator_api.o
  AR      drivers/misc/mediatek/imgsensor/src/mt6853/camera_hw_mt6833/../../common/v1_1/camera_hw/mclk/built-in.o
  CC      drivers/misc/mediatek/imgsensor/src/mt6853/camera_hw_mt6833/../../common/v1_1/camera_hw/regulator/regulator.o
  CC      drivers/misc/mediatek/connectivity/wlan/core/gen4m/mgmt/qosmap.o
  AR      drivers/misc/mediatek/imgsensor/src/mt6853/camera_hw_mt6833/../../common/v1_1/camera_hw/regulator/built-in.o
  CC      drivers/misc/mediatek/imgsensor/src/mt6853/camera_hw_mt6833/imgsensor_cfg_table.o
  CC      drivers/misc/mediatek/gpu/gpu_mali/mali_valhall/mali-r32p1/drivers/gpu/arm/midgard/mali_kbase_debug_mem_view.o
  CC      drivers/misc/mediatek/gpu/gpu_mali/mali_valhall/mali-r32p1/drivers/gpu/arm/midgard/mali_kbase_smc.o
  CC      drivers/misc/mediatek/connectivity/wlan/core/gen4m/mgmt/ap_selection.o
  AR      drivers/misc/mediatek/imgsensor/src/mt6853/camera_hw_mt6833/built-in.o
  CC      drivers/misc/mediatek/imgsensor/src/mt6853/seninf_mt6833/../../common/v1_1/seninf_clk.o
  CC      drivers/misc/mediatek/imgsensor/src/mt6853/seninf_mt6833/seninf_impl.o
  CC      drivers/misc/mediatek/gpu/gpu_mali/mali_valhall/mali-r32p1/drivers/gpu/arm/midgard/mali_kbase_mem_pool.o
  CC      drivers/misc/mediatek/gpu/gpu_mali/mali_valhall/mali-r32p1/drivers/gpu/arm/midgard/mali_kbase_mem_pool_debugfs.o
  AR      drivers/misc/mediatek/imgsensor/src/mt6853/seninf_mt6833/built-in.o
  AR      drivers/misc/mediatek/imgsensor/src/mt6853/built-in.o
  AR      drivers/misc/mediatek/imgsensor/src/built-in.o
  CC      drivers/misc/mediatek/io_boost/mtk_io_boost.o
  CC      drivers/misc/mediatek/gpu/gpu_mali/mali_valhall/mali-r32p1/drivers/gpu/arm/midgard/mali_kbase_debugfs_helper.o
  AR      drivers/misc/mediatek/io_boost/built-in.o
  CC      drivers/misc/mediatek/leds/leds-mtk-disp.o
  CC      drivers/misc/mediatek/connectivity/wlan/core/gen4m/mgmt/wmm.o
  CC      drivers/misc/mediatek/gpu/gpu_mali/mali_valhall/mali-r32p1/drivers/gpu/arm/midgard/mali_kbase_strings.o
  CC      drivers/misc/mediatek/gpu/gpu_mali/mali_valhall/mali-r32p1/drivers/gpu/arm/midgard/mali_kbase_as_fault_debugfs.o
  CC      drivers/misc/mediatek/connectivity/wlan/core/gen4m/mgmt/mddp.o
  AR      drivers/misc/mediatek/leds/built-in.o
  CC      drivers/misc/mediatek/lens/main/main_lens.o
  CC      drivers/misc/mediatek/gpu/gpu_mali/mali_valhall/mali-r32p1/drivers/gpu/arm/midgard/mali_kbase_regs_history_debugfs.o
  CC      drivers/misc/mediatek/gpu/gpu_mali/mali_valhall/mali-r32p1/drivers/gpu/arm/midgard/mali_kbase_dvfs_debugfs.o
  CC      drivers/misc/mediatek/connectivity/wlan/core/gen4m/mgmt/thrm.o
  CC      drivers/misc/mediatek/lens/main/common/ak7371af/AK7371AF.o
  CC      drivers/misc/mediatek/connectivity/wlan/core/gen4m/mgmt/mscs.o
  CC      drivers/misc/mediatek/connectivity/wlan/core/gen4m/mgmt/ie_sort.o
  CC      drivers/misc/mediatek/gpu/gpu_mali/mali_valhall/mali-r32p1/drivers/gpu/arm/midgard/mali_power_gpu_frequency_trace.o
  AR      drivers/misc/mediatek/lens/main/common/ak7371af/built-in.o
  CC      drivers/misc/mediatek/lens/main/common/bu63169af/BU63169AF.o
  CC      drivers/misc/mediatek/gpu/gpu_mali/mali_valhall/mali-r32p1/drivers/gpu/arm/midgard/mali_kbase_trace_gpu_mem.o
  CC      drivers/misc/mediatek/lens/main/common/bu63169af/OIS_func.o
  CC      drivers/misc/mediatek/lens/main/common/bu63169af/OIS_main.o
  CC      drivers/misc/mediatek/connectivity/wlan/core/gen4m/mgmt/stats.o
  CC      drivers/misc/mediatek/lens/main/common/bu6424af/BU6424AF.o
  CC      drivers/misc/mediatek/lens/main/common/bu63169af/OIS_user.o
  AR      drivers/misc/mediatek/lens/main/common/bu63169af/built-in.o
  CC      drivers/misc/mediatek/gpu/gpu_mali/mali_valhall/mali-r32p1/drivers/gpu/arm/midgard/mali_kbase_fence_ops.o
  CC      drivers/misc/mediatek/lens/main/common/bu64253gwzaf/BU64253GWZAF.o
  AR      drivers/misc/mediatek/lens/main/common/bu6424af/built-in.o
  CC      drivers/misc/mediatek/lens/main/common/bu6429af/BU6429AF.o
  CC      drivers/misc/mediatek/gpu/gpu_mali/mali_valhall/mali-r32p1/drivers/gpu/arm/midgard/mali_kbase_sync_file.o
  AR      drivers/misc/mediatek/lens/main/common/bu64253gwzaf/built-in.o
  CC      drivers/misc/mediatek/gpu/gpu_mali/mali_valhall/mali-r32p1/drivers/gpu/arm/midgard/mali_kbase_sync_common.o
  AR      drivers/misc/mediatek/lens/main/common/bu6429af/built-in.o
  CC      drivers/misc/mediatek/lens/main/common/bu64748af/bu64748_function.o
  CC      drivers/misc/mediatek/gpu/gpu_mali/mali_valhall/mali-r32p1/drivers/gpu/arm/midgard/mali_kbase_jm.o
  CC      drivers/misc/mediatek/gpu/gpu_mali/mali_valhall/mali-r32p1/drivers/gpu/arm/midgard/mali_kbase_hwcnt_backend_jm.o
  CC      drivers/misc/mediatek/lens/main/common/bu64748af/bu64748af.o
  CC      drivers/misc/mediatek/connectivity/wlan/core/gen4m/mgmt/p2p_dev_fsm.o
  AR      drivers/misc/mediatek/lens/main/common/bu64748af/built-in.o
  CC      drivers/misc/mediatek/gpu/gpu_mali/mali_valhall/mali-r32p1/drivers/gpu/arm/midgard/mali_kbase_dummy_job_wa.o
  CC      drivers/misc/mediatek/lens/main/common/cn3938aaf/CN3938AAF.o
  CC      drivers/misc/mediatek/lens/main/common/cn3938axlaf/CN3938AXLAF.o
  AR      drivers/misc/mediatek/lens/main/common/cn3938aaf/built-in.o
  CC      drivers/misc/mediatek/lens/main/common/dw9714af/DW9714AF.o
  CC      drivers/misc/mediatek/gpu/gpu_mali/mali_valhall/mali-r32p1/drivers/gpu/arm/midgard/mali_kbase_debug_job_fault.o
  AR      drivers/misc/mediatek/lens/main/common/cn3938axlaf/built-in.o
  CC      drivers/misc/mediatek/lens/main/common/dw9718af/DW9718AF.o
  CC      drivers/misc/mediatek/connectivity/wlan/core/gen4m/mgmt/p2p_dev_state.o
  AR      drivers/misc/mediatek/lens/main/common/dw9714af/built-in.o
  CC      drivers/misc/mediatek/lens/main/common/dw9718saf/DW9718SAF.o
  CC      drivers/misc/mediatek/gpu/gpu_mali/mali_valhall/mali-r32p1/drivers/gpu/arm/midgard/mali_kbase_event.o
  AR      drivers/misc/mediatek/lens/main/common/dw9718af/built-in.o
  CC      drivers/misc/mediatek/lens/main/common/dw9718taf/DW9718TAF.o
  AR      drivers/misc/mediatek/lens/main/common/dw9718saf/built-in.o
  CC      net/socket.o
  AR      drivers/misc/mediatek/lens/main/common/dw9718taf/built-in.o
  CC      drivers/misc/mediatek/lens/main/common/dw9719taf/DW9719TAF.o
  CC      drivers/misc/mediatek/gpu/gpu_mali/mali_valhall/mali-r32p1/drivers/gpu/arm/midgard/mali_kbase_jd.o
  CC      drivers/misc/mediatek/connectivity/wlan/core/gen4m/mgmt/p2p_role_fsm.o
  AR      drivers/misc/mediatek/lens/main/common/dw9719taf/built-in.o
  CC      drivers/misc/mediatek/lens/main/common/dw9763af/DW9763AF.o
  AR      drivers/misc/mediatek/lens/main/common/dw9763af/built-in.o
  CC      drivers/misc/mediatek/lens/main/common/dw9800waf/DW9800WAF.o
  AR      drivers/misc/mediatek/lens/main/common/dw9800waf/built-in.o
  CC      drivers/misc/mediatek/lens/main/common/dw9808af/DW9808AF.o
  CC      drivers/misc/mediatek/gpu/gpu_mali/mali_valhall/mali-r32p1/drivers/gpu/arm/midgard/mali_kbase_jd_debugfs.o
  AR      drivers/misc/mediatek/lens/main/common/dw9808af/built-in.o
  CC      drivers/misc/mediatek/lens/main/common/dw9814af/DW9814AF.o
  CC      drivers/misc/mediatek/gpu/gpu_mali/mali_valhall/mali-r32p1/drivers/gpu/arm/midgard/mali_kbase_js.o
  CC      drivers/misc/mediatek/connectivity/wlan/core/gen4m/mgmt/p2p_role_state.o
  AR      drivers/misc/mediatek/lens/main/common/dw9814af/built-in.o
  CC      drivers/misc/mediatek/lens/main/common/dw9839af/DW9839AF.o
  AR      drivers/misc/mediatek/lens/main/common/dw9839af/built-in.o
  CC      drivers/misc/mediatek/lens/main/common/fp5510e2af/FP5510E2AF.o
  CC      net/802/p8022.o
  CC      drivers/misc/mediatek/connectivity/wlan/core/gen4m/mgmt/p2p_func.o
  AR      drivers/misc/mediatek/lens/main/common/fp5510e2af/built-in.o
  CC      drivers/misc/mediatek/lens/main/common/fp5516we4af/FP5516WE4AF.o
  AR      drivers/misc/mediatek/lens/main/common/fp5516we4af/built-in.o
  CC      drivers/misc/mediatek/lens/main/common/fp5519af/FP5519AF.o
  CC      net/802/psnap.o
  CC      drivers/misc/mediatek/gpu/gpu_mali/mali_valhall/mali-r32p1/drivers/gpu/arm/midgard/mali_kbase_js_ctx_attr.o
  AR      drivers/misc/mediatek/lens/main/common/fp5519af/built-in.o
  CC      drivers/misc/mediatek/lens/main/common/fp5529af/FP5529AF.o
  CC      drivers/misc/mediatek/gpu/gpu_mali/mali_valhall/mali-r32p1/drivers/gpu/arm/midgard/mali_kbase_kinstr_jm.o
  AR      drivers/misc/mediatek/lens/main/common/fp5529af/built-in.o
  CC      drivers/misc/mediatek/lens/main/common/gt9764af/GT9764AF.o
  CC      net/802/stp.o
  AR      drivers/misc/mediatek/lens/main/common/gt9764af/built-in.o
  CC      drivers/misc/mediatek/lens/main/common/gt9772af/GT9772AF.o
  CC      drivers/misc/mediatek/connectivity/wlan/core/gen4m/mgmt/p2p_scan.o
  AR      drivers/misc/mediatek/lens/main/common/gt9772af/built-in.o
  CC      drivers/misc/mediatek/lens/main/common/lc898122af/LC898122AF.o
  CC      drivers/misc/mediatek/gpu/gpu_mali/mali_valhall/mali-r32p1/drivers/gpu/arm/midgard/mali_kbase_fence.o
  AR      net/802/built-in.o
  CC      net/8021q/vlan_core.o
  CC      drivers/misc/mediatek/lens/main/common/lc898122af/OisCmd.o
  CC      drivers/misc/mediatek/gpu/gpu_mali/mali_valhall/mali-r32p1/drivers/gpu/arm/midgard/context/mali_kbase_context.o
  CC      drivers/misc/mediatek/connectivity/wlan/core/gen4m/mgmt/p2p_ie.o
  CC      drivers/misc/mediatek/lens/main/common/lc898122af/OisIni.o
  AR      drivers/misc/mediatek/lens/main/common/lc898122af/built-in.o
  CC      drivers/misc/mediatek/lens/main/common/lc898212af/LC898212AF.o
  CC      drivers/misc/mediatek/gpu/gpu_mali/mali_valhall/mali-r32p1/drivers/gpu/arm/midgard/context/backend/mali_kbase_context_jm.o
  CC      net/8021q/vlan.o
  AR      drivers/misc/mediatek/lens/main/common/lc898212af/built-in.o
  CC      drivers/misc/mediatek/connectivity/wlan/core/gen4m/mgmt/p2p_rlm.o
  CC      drivers/misc/mediatek/lens/main/common/lc898212xdaf/LC898212XDAF.o
  CC      net/8021q/vlan_dev.o
  CC      drivers/misc/mediatek/gpu/gpu_mali/mali_valhall/mali-r32p1/drivers/gpu/arm/midgard/debug/mali_kbase_debug_ktrace.o
  CC      drivers/misc/mediatek/lens/main/common/lc898212xdaf/AfInter.o
  CC      drivers/misc/mediatek/lens/main/common/lc898212xdaf/AfInit.o
  CC      drivers/misc/mediatek/lens/main/common/lc898212xdaf/AfSTMV.o
  CC      drivers/misc/mediatek/gpu/gpu_mali/mali_valhall/mali-r32p1/drivers/gpu/arm/midgard/debug/backend/mali_kbase_debug_ktrace_jm.o
  AR      drivers/misc/mediatek/lens/main/common/lc898212xdaf/built-in.o
  CC      drivers/misc/mediatek/connectivity/wlan/core/gen4m/mgmt/p2p_assoc.o
  CC      drivers/misc/mediatek/lens/main/common/lc898214af/LC898214AF.o
  CC      net/8021q/vlan_netlink.o
  CC      drivers/misc/mediatek/gpu/gpu_mali/mali_valhall/mali-r32p1/drivers/gpu/arm/midgard/device/mali_kbase_device.o
  AR      drivers/misc/mediatek/lens/main/common/lc898214af/built-in.o
  CC      drivers/misc/mediatek/lens/main/common/lc898217af/LC898217AF.o
  CC      net/8021q/vlanproc.o
  AR      drivers/misc/mediatek/lens/main/common/lc898217af/built-in.o
  CC      drivers/misc/mediatek/lens/main/common/lc898217afa/LC898217AFA.o
  CC      drivers/misc/mediatek/connectivity/wlan/core/gen4m/mgmt/p2p_bss.o
  CC      drivers/misc/mediatek/gpu/gpu_mali/mali_valhall/mali-r32p1/drivers/gpu/arm/midgard/device/mali_kbase_device_hw.o
  AR      drivers/misc/mediatek/lens/main/common/lc898217afa/built-in.o
  CC      drivers/misc/mediatek/lens/main/common/lc898217afb/LC898217AFB.o
  AR      net/8021q/8021q.o
  AR      net/8021q/built-in.o
  CC      net/bpf/test_run.o
  CC      drivers/misc/mediatek/connectivity/wlan/core/gen4m/mgmt/p2p_rlm_obss.o
  AR      drivers/misc/mediatek/lens/main/common/lc898217afb/built-in.o
  CC      drivers/misc/mediatek/lens/main/common/lc898217afc/LC898217AFC.o
  CC      drivers/misc/mediatek/gpu/gpu_mali/mali_valhall/mali-r32p1/drivers/gpu/arm/midgard/device/backend/mali_kbase_device_jm.o
  AR      drivers/misc/mediatek/lens/main/common/lc898217afc/built-in.o
  CC      drivers/misc/mediatek/lens/main/common/lc898229af/LC898229AF.o
  AR      net/bpf/built-in.o
  CC      net/bridge/br.o
  CC      drivers/misc/mediatek/gpu/gpu_mali/mali_valhall/mali-r32p1/drivers/gpu/arm/midgard/device/backend/mali_kbase_device_hw_jm.o
  AR      drivers/misc/mediatek/lens/main/common/lc898229af/built-in.o
  CC      drivers/misc/mediatek/lens/main/common/ov5645af/OV5645AF.o
  CC      drivers/misc/mediatek/connectivity/wlan/core/gen4m/mgmt/p2p_fsm.o
  AR      drivers/misc/mediatek/lens/main/common/ov5645af/built-in.o
  CC      net/bridge/br_device.o
  CC      drivers/misc/mediatek/lens/main/common/wv511aaf/WV511AAF.o
  CC      drivers/misc/mediatek/gpu/gpu_mali/mali_valhall/mali-r32p1/drivers/gpu/arm/midgard/backend/gpu/mali_kbase_cache_policy_backend.o
  AR      drivers/misc/mediatek/lens/main/common/wv511aaf/built-in.o
  AR      drivers/misc/mediatek/lens/main/built-in.o
  CC      drivers/misc/mediatek/lens/main2/main2_lens.o
  CC      drivers/misc/mediatek/gpu/gpu_mali/mali_valhall/mali-r32p1/drivers/gpu/arm/midgard/backend/gpu/mali_kbase_gpuprops_backend.o
  CC      drivers/misc/mediatek/connectivity/wlan/core/gen4m/mgmt/wapi.o
  CC      drivers/misc/mediatek/lens/main2/common/ak7371af/AK7371AF.o
  CC      drivers/misc/mediatek/gpu/gpu_mali/mali_valhall/mali-r32p1/drivers/gpu/arm/midgard/backend/gpu/mali_kbase_irq_linux.o
  CC      net/bridge/br_fdb.o
  AR      drivers/misc/mediatek/lens/main2/common/ak7371af/built-in.o
  CC      drivers/misc/mediatek/lens/main2/common/ak7374af/AK7374AF.o
  CC      drivers/misc/mediatek/connectivity/wlan/core/gen4m/chips/common/cmm_asic_connac.o
  AR      drivers/misc/mediatek/lens/main2/common/ak7374af/built-in.o
  CC      drivers/misc/mediatek/lens/main2/common/bu64748af/bu64748_function.o
  CC      drivers/misc/mediatek/gpu/gpu_mali/mali_valhall/mali-r32p1/drivers/gpu/arm/midgard/backend/gpu/mali_kbase_js_backend.o
  CC      drivers/misc/mediatek/lens/main2/common/bu64748af/bu64748af.o
  CC      net/bridge/br_forward.o
  CC      drivers/misc/mediatek/gpu/gpu_mali/mali_valhall/mali-r32p1/drivers/gpu/arm/midgard/backend/gpu/mali_kbase_pm_backend.o
  AR      drivers/misc/mediatek/lens/main2/common/bu64748af/built-in.o
  CC      drivers/misc/mediatek/lens/main2/common/dw9718taf/DW9718TAF.o
  CC      drivers/misc/mediatek/connectivity/wlan/core/gen4m/chips/common/dbg_connac.o
  AR      drivers/misc/mediatek/lens/main2/common/dw9718taf/built-in.o
  CC      drivers/misc/mediatek/lens/main2/common/dw9800waf/DW9800WAF.o
  CC      drivers/misc/mediatek/gpu/gpu_mali/mali_valhall/mali-r32p1/drivers/gpu/arm/midgard/backend/gpu/mali_kbase_pm_driver.o
  CC      net/bridge/br_if.o
  AR      drivers/misc/mediatek/lens/main2/common/dw9800waf/built-in.o
  CC      drivers/misc/mediatek/lens/main2/common/gt9772af/GT9772AF.o
  AR      drivers/misc/mediatek/lens/main2/common/gt9772af/built-in.o
  CC      drivers/misc/mediatek/lens/main2/common/lc898212xdaf_f/LC898212XDAF_F.o
  CC      net/bridge/br_input.o
  CC      drivers/misc/mediatek/connectivity/wlan/core/gen4m/chips/common/fw_dl.o
  CC      drivers/misc/mediatek/lens/main2/common/lc898212xdaf_f/LC89821x_STMV.o
  CC      drivers/misc/mediatek/gpu/gpu_mali/mali_valhall/mali-r32p1/drivers/gpu/arm/midgard/backend/gpu/mali_kbase_pm_metrics.o
  AR      drivers/misc/mediatek/lens/main2/common/lc898212xdaf_f/built-in.o
  CC      drivers/misc/mediatek/lens/main2/common/lc898217af/LC898217AF.o
  AR      drivers/misc/mediatek/lens/main2/common/lc898217af/built-in.o
  CC      drivers/misc/mediatek/lens/main2/common/lc898217afa/LC898217AFA.o
  CC      drivers/misc/mediatek/gpu/gpu_mali/mali_valhall/mali-r32p1/drivers/gpu/arm/midgard/backend/gpu/mali_kbase_pm_ca.o
  CC      net/bridge/br_ioctl.o
  AR      drivers/misc/mediatek/lens/main2/common/lc898217afa/built-in.o
  CC      drivers/misc/mediatek/lens/main2/common/lc898217afb/LC898217AFB.o
  CC      drivers/misc/mediatek/connectivity/wlan/core/gen4m/chips/soc2_1x1/soc2_1x1.o
  AR      drivers/misc/mediatek/lens/main2/common/lc898217afb/built-in.o
  CC      drivers/misc/mediatek/lens/main2/common/lc898217afc/LC898217AFC.o
  CC      drivers/misc/mediatek/gpu/gpu_mali/mali_valhall/mali-r32p1/drivers/gpu/arm/midgard/backend/gpu/mali_kbase_pm_always_on.o
  CC      net/bridge/br_stp.o
  AR      drivers/misc/mediatek/lens/main2/common/lc898217afc/built-in.o
  AR      drivers/misc/mediatek/lens/main2/built-in.o
  CC      drivers/misc/mediatek/lens/main3/main3_lens.o
  AR      drivers/misc/mediatek/connectivity/wlan/core/gen4m/wlan_drv_gen4m.o
  AR      drivers/misc/mediatek/connectivity/wlan/core/gen4m/built-in.o
  AR      drivers/misc/mediatek/connectivity/built-in.o
  CC      drivers/misc/mediatek/log_store/log_store.o
  CC      drivers/misc/mediatek/gpu/gpu_mali/mali_valhall/mali-r32p1/drivers/gpu/arm/midgard/backend/gpu/mali_kbase_pm_coarse_demand.o
  CC      drivers/misc/mediatek/lens/main3/common/bu24253af/BU24253AF.o
  CC      net/bridge/br_stp_bpdu.o
  AR      drivers/misc/mediatek/log_store/built-in.o
  AR      drivers/misc/mediatek/lens/main3/common/bu24253af/built-in.o
  CC      drivers/misc/mediatek/lens/sub/sub_lens.o
  CC      drivers/misc/mediatek/lens/main3/common/gt9772af/GT9772AF.o
  CC      drivers/misc/mediatek/gpu/gpu_mali/mali_valhall/mali-r32p1/drivers/gpu/arm/midgard/backend/gpu/mali_kbase_pm_policy.o
  AR      drivers/misc/mediatek/lens/main3/common/gt9772af/built-in.o
  AR      drivers/misc/mediatek/lens/main3/built-in.o
  CC      drivers/misc/mediatek/lens/sub2/sub2_lens.o
  CC      net/bridge/br_stp_if.o
  CC      drivers/misc/mediatek/lens/sub/common/ak7371af/AK7371AF.o
  AR      drivers/misc/mediatek/lens/sub2/built-in.o
  CC      drivers/misc/mediatek/lens/sub/common/bu6424af/BU6424AF.o
  AR      drivers/misc/mediatek/lens/sub/common/ak7371af/built-in.o
  CC      drivers/misc/mediatek/lens/sub/common/bu6429af/BU6429AF.o
  CC      drivers/misc/mediatek/gpu/gpu_mali/mali_valhall/mali-r32p1/drivers/gpu/arm/midgard/backend/gpu/mali_kbase_time.o
  CC      net/bridge/br_stp_timer.o
  AR      drivers/misc/mediatek/lens/sub/common/bu6424af/built-in.o
  CC      net/bridge/br_netlink.o
  AR      drivers/misc/mediatek/lens/sub/common/bu6429af/built-in.o
  CC      drivers/misc/mediatek/lens/sub/common/dw9714af/DW9714AF.o
  CC      drivers/misc/mediatek/gpu/gpu_mali/mali_valhall/mali-r32p1/drivers/gpu/arm/midgard/backend/gpu/mali_kbase_l2_mmu_config.o
  AR      drivers/misc/mediatek/lens/sub/common/dw9714af/built-in.o
  CC      drivers/misc/mediatek/lens/sub/common/dw9718af/DW9718AF.o
  CC      net/bridge/br_netlink_tunnel.o
  CC      net/bridge/br_sysfs_if.o
  CC      drivers/misc/mediatek/gpu/gpu_mali/mali_valhall/mali-r32p1/drivers/gpu/arm/midgard/backend/gpu/mali_kbase_clk_rate_trace_mgr.o
  AR      drivers/misc/mediatek/lens/sub/common/dw9718af/built-in.o
  CC      drivers/misc/mediatek/lens/sub/common/dw9814af/DW9814AF.o
  CC      drivers/misc/mediatek/lpm/mtk_lpm_module.o
  AR      drivers/misc/mediatek/lens/sub/common/dw9814af/built-in.o
  CC      drivers/misc/mediatek/lens/sub/common/lc898214af/LC898214AF.o
  CC      net/bridge/br_sysfs_br.o
  CC      drivers/misc/mediatek/gpu/gpu_mali/mali_valhall/mali-r32p1/drivers/gpu/arm/midgard/backend/gpu/mali_kbase_instr_backend.o
  AR      drivers/misc/mediatek/lens/sub/common/lc898214af/built-in.o
  CC      drivers/misc/mediatek/lens/sub/common/wv511aaf/WV511AAF.o
  CC      drivers/misc/mediatek/lpm/mtk_lpm_call.o
  AR      drivers/misc/mediatek/lens/sub/common/wv511aaf/built-in.o
  AR      drivers/misc/mediatek/lens/sub/built-in.o
  AR      drivers/misc/mediatek/lens/built-in.o
  CC      drivers/misc/mediatek/masp/asfv2/core/sec_boot_core.o
  CC      drivers/misc/mediatek/lpm/mtk_lpm_registry.o
  CC      net/bridge/br_nf_core.o
  CC      drivers/misc/mediatek/gpu/gpu_mali/mali_valhall/mali-r32p1/drivers/gpu/arm/midgard/backend/gpu/mali_kbase_jm_as.o
  CC      drivers/misc/mediatek/lpm/modules/debug/common/mtk_dbg_fs_common.o
  CC      drivers/misc/mediatek/masp/asfv2/core/sec_mod_core.o
  CC      drivers/misc/mediatek/masp/asfv2/core/sec_osal.o
  CC      drivers/misc/mediatek/gpu/gpu_mali/mali_valhall/mali-r32p1/drivers/gpu/arm/midgard/backend/gpu/mali_kbase_debug_job_fault_backend.o
  CC      drivers/misc/mediatek/lpm/modules/debug/common/mtk_lpm_timer.o
  CC      net/bridge/br_multicast.o
  CC      drivers/misc/mediatek/lpm/modules/debug/common/mtk_lpm_pwr_gs.o
  CC      drivers/misc/mediatek/gpu/gpu_mali/mali_valhall/mali-r32p1/drivers/gpu/arm/midgard/backend/gpu/mali_kbase_jm_hw.o
  CC      drivers/misc/mediatek/lpm/modules/debug/common/gs/v1/mtk_lpm_pwr_gs_common.o
  CC      drivers/misc/mediatek/masp/asfv2/core/sec_legacy.o
  CC      drivers/misc/mediatek/lpm/modules/debug/common/gs/v1/mtk_lpm_pwr_gs_dump_clk.o
  CC      drivers/misc/mediatek/masp/asfv2/module/sec_mod.o
  CC      drivers/misc/mediatek/lpm/modules/debug/common/gs/v1/mtk_lpm_pwr_gs_dump_pmic.o
  CC      drivers/misc/mediatek/gpu/gpu_mali/mali_valhall/mali-r32p1/drivers/gpu/arm/midgard/backend/gpu/mali_kbase_jm_rb.o
  AR      drivers/misc/mediatek/lpm/modules/debug/common/built-in.o
  CC      drivers/misc/mediatek/lpm/modules/debug/mt6833/mt6833_dbg.o
  CC      drivers/misc/mediatek/masp/asfv2/module/sec_clk.o
  CC      drivers/misc/mediatek/lpm/modules/debug/mt6833/mt6833_dbg_lpm_fs.o
  CC      drivers/misc/mediatek/masp/asfv2/mach/hacc_lib.o
  CC      drivers/misc/mediatek/lpm/modules/debug/mt6833/mt6833_dbg_lpm_rc_fs.o
  CC      drivers/misc/mediatek/gpu/gpu_mali/mali_valhall/mali-r32p1/drivers/gpu/arm/midgard/mmu/mali_kbase_mmu.o
  CC      net/bridge/br_mdb.o
  CC      drivers/misc/mediatek/masp/asfv2/mach/hacc_export.o
  CC      drivers/misc/mediatek/lpm/modules/debug/mt6833/mt6833_dbg_spm_fs.o
  CC      drivers/misc/mediatek/masp/asfv2/mach/hacc_hk.o
  CC      drivers/misc/mediatek/masp/asfv2/mach/hacc_sk.o
  CC      drivers/misc/mediatek/lpm/modules/debug/mt6833/mt6833_logger.o
  AR      net/bridge/netfilter/built-in.o
  CC [M]  net/bridge/br_netfilter_hooks.o
  CC      drivers/misc/mediatek/masp/asfv2/mach/sec_lib.o
  CC      drivers/misc/mediatek/masp/asfv2/mach/mt6853/security_ao.o
  CC      drivers/misc/mediatek/gpu/gpu_mali/mali_valhall/mali-r32p1/drivers/gpu/arm/midgard/mmu/mali_kbase_mmu_hw_direct.o
  CC      drivers/misc/mediatek/lpm/modules/debug/mt6833/mt6833_lpm_trace_event.o
  AR      drivers/misc/mediatek/masp/sec.o
  AR      drivers/misc/mediatek/masp/built-in.o
  CC      drivers/misc/mediatek/mcupm/mt6833/../v2/mcupm_driver.o
  CC      drivers/misc/mediatek/gpu/gpu_mali/mali_valhall/mali-r32p1/drivers/gpu/arm/midgard/mmu/mali_kbase_mmu_mode_aarch64.o
  CC [M]  net/bridge/br_netfilter_ipv6.o
  CC      drivers/misc/mediatek/lpm/modules/debug/mt6833/mtk_cpupm_dbg.o
  CC      drivers/misc/mediatek/gpu/gpu_mali/mali_valhall/mali-r32p1/drivers/gpu/arm/midgard/mmu/backend/mali_kbase_mmu_jm.o
  CC      drivers/misc/mediatek/lpm/modules/debug/mt6833/mtk_cpuidle_status.o
  AR      drivers/misc/mediatek/mcupm/mt6833/../v2/built-in.o
  AR      drivers/misc/mediatek/mcupm/mt6833/built-in.o
  AR      drivers/misc/mediatek/mcupm/built-in.o
  AR      net/bridge/bridge.o
  LD [M]  net/bridge/br_netfilter.o
  CC      drivers/misc/mediatek/mddp/ctrl/mddp_if.o
  AR      net/bridge/built-in.o
  CC      net/core/sock.o
  CC      drivers/misc/mediatek/gpu/gpu_mali/mali_valhall/mali-r32p1/drivers/gpu/arm/midgard/tl/mali_kbase_timeline.o
  CC      drivers/misc/mediatek/lpm/modules/debug/mt6833/mtk_cpuidle_cpc.o
  CC      drivers/misc/mediatek/lpm/modules/debug/mt6833/mtk_idle_procfs.o
  CC      drivers/misc/mediatek/gpu/gpu_mali/mali_valhall/mali-r32p1/drivers/gpu/arm/midgard/tl/mali_kbase_timeline_io.o
  CC      drivers/misc/mediatek/mddp/ctrl/mddp_sm.o
  CC      drivers/misc/mediatek/lpm/modules/debug/mt6833/mtk_idle_procfs_state.o
  CC      drivers/misc/mediatek/mddp/ctrl/mddpwh_sm.o
  CC      drivers/misc/mediatek/lpm/modules/debug/mt6833/mtk_idle_procfs_cpc.o
  CC      drivers/misc/mediatek/gpu/gpu_mali/mali_valhall/mali-r32p1/drivers/gpu/arm/midgard/tl/mali_kbase_tlstream.o
  CC      drivers/misc/mediatek/mddp/ctrl/mddp_dev.o
  CC      drivers/misc/mediatek/lpm/modules/debug/mt6833/mtk_idle_procfs_profile.o
  CC      drivers/misc/mediatek/gpu/gpu_mali/mali_valhall/mali-r32p1/drivers/gpu/arm/midgard/tl/mali_kbase_tracepoints.o
  CC      drivers/misc/mediatek/lpm/modules/debug/mt6833/mtk_idle_procfs_control.o
  CC      drivers/misc/mediatek/mddp/ctrl/mddp_ipc.o
  CC      net/core/request_sock.o
  CC      drivers/misc/mediatek/lpm/modules/debug/mt6833/mt6833_power_gs_compare.o
  CC      drivers/misc/mediatek/gpu/gpu_mali/mali_valhall/mali-r32p1/drivers/gpu/arm/midgard/tl/backend/mali_kbase_timeline_jm.o
  CC      drivers/misc/mediatek/mddp/filter/mddp_filter.o
  CC      drivers/misc/mediatek/lpm/modules/debug/mt6833/mtk_power_gs_6315_array.o
  CC      net/core/skbuff.o
  CC      drivers/misc/mediatek/gpu/gpu_mali/mali_valhall/mali-r32p1/drivers/gpu/arm/midgard/gpu/mali_kbase_gpu.o
  CC      drivers/misc/mediatek/lpm/modules/debug/mt6833/mtk_power_gs_6365_array.o
  CC      drivers/misc/mediatek/lpm/modules/debug/mt6833/mtk_dcm_array.o
  CC      drivers/misc/mediatek/gpu/gpu_mali/mali_valhall/mali-r32p1/drivers/gpu/arm/midgard/gpu/backend/mali_kbase_gpu_fault_jm.o
  CC      drivers/misc/mediatek/lpm/modules/debug/mt6833/mtk_cg_array.o
  AR      drivers/misc/mediatek/lpm/modules/debug/mt6833/mt6833_cpupm_dbg.o
  AR      drivers/misc/mediatek/lpm/modules/debug/mt6833/built-in.o
  AR      drivers/misc/mediatek/lpm/modules/debug/built-in.o
  CC      drivers/misc/mediatek/gpu/gpu_mali/mali_valhall/mali-r32p1/drivers/gpu/arm/midgard/thirdparty/mali_kbase_mmap.o
  CC      drivers/misc/mediatek/lpm/modules/platform/mt6833/mt6833.o
  CC      drivers/misc/mediatek/mddp/filter/mddp_f_dev.o
  CC      drivers/misc/mediatek/lpm/modules/platform/mt6833/mtk_lp_plat_apmcu.o
  CC      drivers/misc/mediatek/lpm/modules/platform/mt6833/mtk_lp_plat_apmcu_mbox.o
  CC      drivers/misc/mediatek/gpu/gpu_mali/mali_valhall/mali-r32p1/drivers/gpu/arm/midgard/platform/mt6833/mali_kbase_config_mt6833.o
  CC      drivers/misc/mediatek/mddp/usage/mddp_usage.o
  AR      drivers/misc/mediatek/gpu/gpu_mali/mali_valhall/mali-r32p1/drivers/gpu/arm/midgard/mali_kbase.o
  AR      drivers/misc/mediatek/gpu/gpu_mali/mali_valhall/mali-r32p1/drivers/gpu/arm/midgard/built-in.o
  AR      drivers/misc/mediatek/gpu/gpu_mali/mali_valhall/built-in.o
  AR      drivers/misc/mediatek/gpu/gpu_mali/built-in.o
  CC      drivers/misc/mediatek/gpu/hal/mtk_gpu_utility.o
  CC      drivers/misc/mediatek/lpm/modules/platform/mt6833/suspend/mt6833_suspend.o
  AR      drivers/misc/mediatek/mddp/mddp.o
  AR      drivers/misc/mediatek/mddp/built-in.o
  CC      drivers/misc/mediatek/mdp/cmdq_record.o
  AR      drivers/misc/mediatek/gpu/hal/hal.o
  AR      drivers/misc/mediatek/gpu/hal/built-in.o
  AR      drivers/misc/mediatek/gpu/built-in.o
  CC      drivers/misc/mediatek/memory-amms/memory-amms.o
  AR      drivers/misc/mediatek/lpm/modules/platform/mt6833/built-in.o
  AR      drivers/misc/mediatek/lpm/modules/platform/built-in.o
  AR      drivers/misc/mediatek/lpm/modules/built-in.o
  CC      drivers/misc/mediatek/lpm/mtk_lpm_fs/mtk_lp_kernfs.o
  CC      net/core/datagram.o
  CC      drivers/misc/mediatek/mdp/cmdq_virtual.o
  CC      drivers/misc/mediatek/lpm/mtk_lpm_fs/mtk_lp_sysfs.o
  AR      drivers/misc/mediatek/memory-amms/built-in.o
  CC      drivers/misc/mediatek/memory-ssmr/memory_ssmr.o
  CC      drivers/misc/mediatek/mdp/cmdq_device.o
  CC      drivers/misc/mediatek/lpm/mtk_lpm_fs/mtk_suspend_sysfs.o
  CC      net/core/stream.o
  CC      drivers/misc/mediatek/mdp/mdp_driver.o
  CC      drivers/misc/mediatek/lpm/mtk_lpm_fs/mtk_spm_sysfs.o
  AR      drivers/misc/mediatek/memory-ssmr/built-in.o
  CC      drivers/misc/mediatek/met_drv/met_api.o
  CC      drivers/misc/mediatek/lpm/mtk_lpm_fs/mtk_lpm_sysfs.o
  CC      drivers/misc/mediatek/mdp/mdp_common.o
  CC      net/core/scm.o
  CC      drivers/misc/mediatek/lpm/mtk_lpm_fs/mtk_lp_sysfs_procfs.o
  AR      drivers/misc/mediatek/met_drv/built-in.o
  CC      drivers/misc/mediatek/mlog/mlog_logger.o
  AR      drivers/misc/mediatek/lpm/mtk_lpm_fs/built-in.o
  CC      drivers/misc/mediatek/lpm/mtk_lpm_trace_event/mtk_lpm_trace_event.o
  AR      drivers/misc/mediatek/lpm/mtk_lpm_trace_event/built-in.o
  CC      drivers/misc/mediatek/lpm/platform/mtk_lpm_platform.o
  AR      drivers/misc/mediatek/mlog/built-in.o
  CC      drivers/misc/mediatek/mmdvfs/swpm_me.o
  CC      net/core/gen_stats.o
  CC      drivers/misc/mediatek/lpm/platform/mtk_lpm_irqremain.o
  CC      drivers/misc/mediatek/mdp/mdp_event_common.o
  CC      drivers/misc/mediatek/mmdvfs/mmdvfs_pmqos.o
  CC      drivers/misc/mediatek/lpm/platform/mtk_lpm_resource_ctrl.o
  CC      drivers/misc/mediatek/mdp/cmdq_subsys_common.o
  CC      net/core/gen_estimator.o
  CC      drivers/misc/mediatek/lpm/platform/mtk_lpm_rc.o
  CC      drivers/misc/mediatek/lpm/platform/mtk_lpm_trace.o
  CC      drivers/misc/mediatek/mdp/cmdq_helper_ext.o
  AR      drivers/misc/mediatek/lpm/platform/built-in.o
  AR      drivers/misc/mediatek/lpm/built-in.o
  CC      drivers/misc/mediatek/mmp/src/mmprofile.o
  CC      net/core/net_namespace.o
  CC      drivers/misc/mediatek/mmdvfs/mt6853/mmdvfs_plat.o
  AR      drivers/misc/mediatek/mmdvfs/mt6853/built-in.o
  AR      drivers/misc/mediatek/mmdvfs/built-in.o
  CC      drivers/misc/mediatek/mstdrv/mstdrv_main.o
  AR      drivers/misc/mediatek/mmp/src/built-in.o
  AR      drivers/misc/mediatek/mmp/built-in.o
  CC      drivers/misc/mediatek/mtprintk/mtk_printk_ctrl.o
  CC      drivers/misc/mediatek/mdp/mdp_ioctl_ex.o
  CC      net/core/secure_seq.o
  AR      drivers/misc/mediatek/mstdrv/mstdrv.o
  AR      drivers/misc/mediatek/mstdrv/built-in.o
  CC      net/core/flow_dissector.o
  AR      drivers/misc/mediatek/mtprintk/built-in.o
  CC      drivers/misc/mediatek/mtprof/bootprof.o
  CC      drivers/misc/mediatek/mtprof/common.o
  CC      drivers/misc/mediatek/mdp/mdp_m4u.o
  CC      drivers/misc/mediatek/mdp/cmdq_mmp.o
  CC      drivers/misc/mediatek/mtprof/prof_main.o
  CC      drivers/misc/mediatek/mdp/mt6833/mdp.o
  CC      drivers/misc/mediatek/mdp/sync/mdp_fence.o
  CC      net/core/sysctl_net_core.o
  AR      drivers/misc/mediatek/mtprof/mtprof.o
  AR      drivers/misc/mediatek/mtprof/built-in.o
  CC      drivers/misc/mediatek/partition/mtk_partition.o
  AR      drivers/misc/mediatek/mdp/sync/built-in.o
  CC      drivers/misc/mediatek/perf/perf_tracker.o
  AR      drivers/misc/mediatek/mdp/mt6833/built-in.o
  AR      drivers/misc/mediatek/mdp/built-in.o
  CC      drivers/misc/mediatek/performance/perfmgr_main.o
  CC      net/core/dev.o
  AR      drivers/misc/mediatek/partition/built-in.o
  CC      net/core/ethtool.o
  CC      drivers/misc/mediatek/performance/base/utility.o
  AR      drivers/misc/mediatek/performance/base/built-in.o
  CC      drivers/misc/mediatek/performance/boost_ctrl/boostctrl_main.o
  CC      drivers/misc/mediatek/performance/boost_ctrl/cpu_ctrl/cpu_ctrl.o
  CC      drivers/misc/mediatek/perf/perf_common.o
  AR      drivers/misc/mediatek/perf/built-in.o
  CC      drivers/misc/mediatek/pidmap/pidmap.o
  CC      drivers/misc/mediatek/performance/load_track/load_track.o
  CC      drivers/misc/mediatek/performance/boost_ctrl/cpu_ctrl/cpu_ctrl_cfp.o
  AR      drivers/misc/mediatek/performance/load_track/built-in.o
  AR      drivers/misc/mediatek/pidmap/built-in.o
  CC      drivers/misc/mediatek/performance/observer/pob_main.o
  CC      drivers/misc/mediatek/pmic/common/upmu.o
  CC      drivers/misc/mediatek/performance/observer/fpsgo_notify.o
  AR      drivers/misc/mediatek/performance/boost_ctrl/cpu_ctrl/built-in.o
  CC      drivers/misc/mediatek/performance/boost_ctrl/dram_ctrl/dram_ctrl.o
  CC      drivers/misc/mediatek/performance/observer/qos_notify.o
  AR      drivers/misc/mediatek/performance/boost_ctrl/dram_ctrl/built-in.o
  CC      drivers/misc/mediatek/performance/boost_ctrl/eas_ctrl/eas_ctrl.o
  CC      drivers/misc/mediatek/pmic/common/upmu_regulator.o
  CC      drivers/misc/mediatek/performance/observer/nn_notify.o
  CC      drivers/misc/mediatek/performance/observer/xpu_notify.o
  CC      drivers/misc/mediatek/pmic/common/upmu_debugfs.o
  CC      drivers/misc/mediatek/performance/observer/eara_thrm_notify.o
  CC      net/core/dev_addr_lists.o
  CC      drivers/misc/mediatek/performance/observer/platform/mt6853/qos_pfm.o
  AR      drivers/misc/mediatek/performance/boost_ctrl/eas_ctrl/built-in.o
  CC      drivers/misc/mediatek/performance/boost_ctrl/topo_ctrl/topo_ctrl.o
  CC      drivers/misc/mediatek/pmic/common/upmu_initial_setting.o
  AR      drivers/misc/mediatek/performance/observer/platform/mt6853/built-in.o
  AR      drivers/misc/mediatek/performance/observer/built-in.o
  CC      drivers/misc/mediatek/performance/perf_ioctl/perf_ioctl.o
  CC      drivers/misc/mediatek/pmic/common/upmu_lbat_service_v2.o
  AR      drivers/misc/mediatek/performance/boost_ctrl/topo_ctrl/built-in.o
  AR      drivers/misc/mediatek/performance/boost_ctrl/built-in.o
  CC      drivers/misc/mediatek/performance/resym/rs_trace.o
  CC      net/core/dst.o
  AR      drivers/misc/mediatek/performance/perf_ioctl/built-in.o
  CC      drivers/misc/mediatek/performance/syslimiter/syslimiter.o
  CC      drivers/misc/mediatek/performance/resym/rs_base.o
  AR      drivers/misc/mediatek/pmic/common/built-in.o
  CC      drivers/misc/mediatek/pmic/mt6359p/v1/pmic_ipi.o
  CC      drivers/misc/mediatek/performance/resym/rs_main.o
  AR      drivers/misc/mediatek/performance/syslimiter/built-in.o
  CC      drivers/misc/mediatek/performance/tchbst/tchbst_main.o
  CC      drivers/misc/mediatek/performance/resym/rs_usage.o
  CC      drivers/misc/mediatek/pmic/mt6359p/v1/mt6359_gauge.o
  CC      drivers/misc/mediatek/performance/tchbst/kernel/ktch.o
  CC      net/core/netevent.o
  CC      drivers/misc/mediatek/performance/resym/rs_state.o
  AR      drivers/misc/mediatek/performance/tchbst/kernel/built-in.o
  AR      drivers/misc/mediatek/performance/tchbst/built-in.o
  CC      drivers/misc/mediatek/performance/uload_ind/uload_ind.o
  CC      drivers/misc/mediatek/performance/resym/rs_index.o
  AR      drivers/misc/mediatek/performance/uload_ind/built-in.o
  CC      drivers/misc/mediatek/pmic/mt6359p/v1/pmic.o
  CC      drivers/misc/mediatek/performance/resym/platform/mt6853/rs_vpu_pfm.o
  CC      net/core/neighbour.o
  CC      drivers/misc/mediatek/performance/resym/platform/mt6853/rs_mdla_pfm.o
  AR      drivers/misc/mediatek/performance/resym/platform/mt6853/built-in.o
  CC      net/core/rtnetlink.o
  AR      drivers/misc/mediatek/performance/resym/built-in.o
  AR      drivers/misc/mediatek/performance/built-in.o
  CC      drivers/misc/mediatek/power/mt6853/mtk_battery_intf.o
  CC      drivers/misc/mediatek/pmic/mt6359p/v1/pmic_common.o
  CC      drivers/misc/mediatek/pmic/mt6359p/v1/pmic_debugfs.o
  AR      drivers/misc/mediatek/power/mt6853/built-in.o
  AR      drivers/misc/mediatek/power/built-in.o
../drivers/misc/tzdev/Makefile.include:2: "CONFIG_MTK_PLATFORM: "mt6853""
../drivers/misc/tzdev/Makefile.include:3: "CONFIG_TEEGRIS_VERSION_STRING: "4.2.0""
  CC      drivers/misc/mediatek/pseudo_m4u/pseudo_m4u_v2.o
  CC      drivers/misc/mediatek/pmic/mt6359p/v1/pmic_irq.o
  CC      drivers/misc/mediatek/pmic/mt6359p/v1/pmic_initial_setting.o
  CC      net/core/utils.o
  CC      net/core/link_watch.o
  CC      drivers/misc/mediatek/pmic/mt6359p/v1/pmic_api.o
  CC      drivers/misc/mediatek/pmic/mt6359p/v1/pmic_auxadc.o
  CC      net/core/filter.o
  CC      drivers/misc/mediatek/pseudo_m4u/pseudo_m4u_debug.o
  CC      net/ethernet/eth.o
  CC      drivers/misc/mediatek/pmic/mt6359p/v1/regulator_codegen.o
  CC      drivers/misc/mediatek/pseudo_m4u/pseudo_m4u_sec.o
  CC      drivers/misc/mediatek/pseudo_m4u/pseudo_m4u_gz_sec.o
  AR      net/ethernet/built-in.o
  CC      net/ipv4/route.o
  AR      drivers/misc/mediatek/pseudo_m4u/built-in.o
  CC      drivers/misc/mediatek/pwm/mt6853/mtk_pwm_hal.o
  CC      drivers/misc/mediatek/pmic/mt6359p/v1/pmic_lp_api.o
  AR      drivers/misc/mediatek/pwm/mt6853/built-in.o
  CC      drivers/misc/mediatek/pwm/mtk_pwm.o
  CC      drivers/misc/mediatek/pmic/mt6359p/v1/pmic_efuse.o
  CC      drivers/misc/mediatek/pmic/mt6359p/v1/pmic_throttling_dlpt.o
  AR      drivers/misc/mediatek/pwm/built-in.o
  CC      drivers/misc/mediatek/ram_console/mtk_ram_console.o
  CC      net/core/sock_diag.o
  CC      net/ipv4/inetpeer.o
  CC      drivers/misc/mediatek/pmic/mt6359p/v1/pmic_oc_debug.o
  AR      drivers/misc/mediatek/pmic/mt6359p/v1/built-in.o
  AR      drivers/misc/mediatek/pmic/mt6359p/built-in.o
  CC      drivers/misc/mediatek/pmic/mt6360/ldo/mt6360_ldo_i2c.o
  CC      net/ipv4/protocol.o
  CC      net/core/dev_ioctl.o
  AR      drivers/misc/mediatek/ram_console/built-in.o
  CC      drivers/misc/mediatek/rps/rps_perf.o
  CC      drivers/misc/mediatek/pmic/mt6360/ldo/mt6360_ldo_regmap.o
  CC      net/ipv4/ip_input.o
  CC      net/core/tso.o
  AR      drivers/misc/mediatek/pmic/mt6360/ldo/built-in.o
  CC      drivers/misc/mediatek/pmic/mt6360/pmic/mt6360_pmic_i2c.o
  AR      drivers/misc/mediatek/rps/built-in.o
  CC      drivers/misc/mediatek/pmic/mt6360/pmic/mt6360_pmic_regmap.o
  CC      drivers/misc/mediatek/rt-regmap/rt-regmap.o
  CC      net/ipv4/ip_fragment.o
  AR      drivers/misc/mediatek/pmic/mt6360/pmic/built-in.o
  CC      net/core/sock_reuseport.o
  CC      drivers/misc/mediatek/pmic/mt6360/pmu/mt6360_pmu_i2c.o
  AR      drivers/misc/mediatek/rt-regmap/built-in.o
  CC      drivers/misc/mediatek/pmic/mt6360/pmu/mt6360_pmu_regmap.o
  CC      net/core/fib_notifier.o
  CC      net/ipv4/ip_forward.o
  CC      net/core/xdp.o
  CC      drivers/misc/mediatek/pmic/mt6360/pmu/mt6360_pmu_irq.o
  CC      drivers/misc/mediatek/pmic/mt6360/pmu/mt6360_pmu_subdev.o
  CC      net/ipv4/ip_options.o
  CC      net/core/net-sysfs.o
  CC      net/core/net-procfs.o
  CC      drivers/misc/mediatek/pmic/mt6360/pmu/mt6360_pmu_core.o
  CC      drivers/misc/mediatek/pmic/mt6360/pmu/mt6360_pmu_adc.o
  CC      net/core/fib_rules.o
  CC      net/ipv4/ip_output.o
  CC      drivers/misc/mediatek/pmic/mt6360/pmu/mt6360_pmu_fled.o
  CC      net/core/net-traces.o
  CC      drivers/misc/mediatek/pmic/mt6360/pmu/mt6360_pmu_chg.o
  CC      net/core/dst_cache.o
  CC      net/ipv4/ip_sockglue.o
  CC      net/ipv4/inet_hashtables.o
  AR      drivers/misc/mediatek/pmic/mt6360/pmu/built-in.o
  AR      drivers/misc/mediatek/pmic/mt6360/built-in.o
  CC      drivers/misc/mediatek/pmic/mtk_battery_adc_intf.o
  CC      net/core/gro_cells.o
  AR      drivers/misc/mediatek/pmic/built-in.o
  CC      drivers/misc/mediatek/rtc/mtk_rtc_debug_v1.o
  AR      drivers/misc/mediatek/rtc/built-in.o
  CC      drivers/misc/mediatek/sched/cputopo.o
  CC      net/core/bpf_sk_storage.o
  CC      net/ipv4/inet_timewait_sock.o
  CC      net/ipv4/inet_connection_sock.o
  CC      drivers/misc/mediatek/sched/rq_stats.o
  AR      net/core/built-in.o
  CC      net/ipv6/af_inet6.o
  CC      net/ipv4/tcp.o
  CC      drivers/misc/mediatek/sched/sched_avg.o
  CC      drivers/misc/mediatek/sched/sched_ctl.o
  CC      net/ipv6/anycast.o
  CC      drivers/misc/mediatek/sched/eas_plus.o
  CC      net/ipv6/ip6_output.o
  CC      net/ipv6/ip6_input.o
  AR      drivers/misc/mediatek/sched/built-in.o
  CC      drivers/misc/mediatek/scp/mt6853/../v03/scp_helper.o
  CC      net/ipv4/tcp_input.o
  CC      drivers/misc/mediatek/scp/mt6853/../v03/scp_excep.o
  CC      drivers/misc/mediatek/scp/mt6853/../v03/scp_wrapper_ipi.o
  CC      drivers/misc/mediatek/scp/mt6853/../v03/scp_irq.o
  CC      net/ipv6/addrconf.o
  CC      drivers/misc/mediatek/scp/mt6853/../v03/scp_logger.o
  CC      drivers/misc/mediatek/scp/mt6853/../v03/scp_l1c.o
  CC      drivers/misc/mediatek/scp/mt6853/../v03/scp_scpctl.o
  CC      net/ipv6/addrlabel.o
  AR      drivers/misc/mediatek/scp/mt6853/../v03/scp.o
  AR      drivers/misc/mediatek/scp/mt6853/../v03/built-in.o
  CC      drivers/misc/mediatek/scp/mt6853/scp_feature_table.o
  CC      drivers/misc/mediatek/scp/mt6853/scp_awake.o
  CC      net/ipv6/route.o
  CC      net/ipv4/tcp_output.o
  CC      drivers/misc/mediatek/scp/mt6853/scp_dvfs.o
  AR      drivers/misc/mediatek/scp/mt6853/built-in.o
  AR      drivers/misc/mediatek/scp/built-in.o
  CC      drivers/misc/mediatek/sda/bus-parity.o
  AS      arch/arm64/lib/bitops.o
  AS      arch/arm64/lib/clear_page.o
  AR      drivers/misc/mediatek/sda/built-in.o
  AS      arch/arm64/lib/clear_user.o
  CC      drivers/misc/mediatek/sensor/2.0/core/hf_manager.o
  AS      arch/arm64/lib/copy_from_user.o
  AS      arch/arm64/lib/copy_in_user.o
  AS      arch/arm64/lib/copy_page.o
  AS      arch/arm64/lib/copy_to_user.o
  CC      arch/arm64/lib/delay.o
  CC      net/ipv6/ip6_fib.o
  CC      net/ipv4/tcp_timer.o
  AS      arch/arm64/lib/memchr.o
  AR      drivers/misc/mediatek/sensor/2.0/core/built-in.o
../drivers/misc/mediatek/sensor/2.0/mtk_nanohub/Makefile:5: "config_mtk_platform:"mt6853""
  CC      drivers/misc/mediatek/sensor/2.0/mtk_nanohub/nanohub/main.o
  AS      arch/arm64/lib/memcmp.o
  AS      arch/arm64/lib/memcpy.o
  AS      arch/arm64/lib/memmove.o
  AS      arch/arm64/lib/memset.o
  CC      drivers/misc/mediatek/sensor/2.0/mtk_nanohub/nanohub/bl.o
  AS      arch/arm64/lib/strchr.o
  AS      arch/arm64/lib/strcmp.o
  AS      arch/arm64/lib/strlen.o
  AS      arch/arm64/lib/strncmp.o
  AS      arch/arm64/lib/strnlen.o
  CC      drivers/misc/mediatek/sensor/2.0/mtk_nanohub/nanohub/comms.o
  AS      arch/arm64/lib/strrchr.o
  AR      arch/arm64/lib/lib.a
  EXPORTS arch/arm64/lib/lib-ksyms.o
  CC      net/ipv4/tcp_ipv4.o
  AR      arch/arm64/lib/built-in.o
  CC      net/ipv4/tcp_minisocks.o
  CC      drivers/misc/mediatek/sensor/2.0/mtk_nanohub/nanohub/nanohub-mtk.o
  CC      net/ipv6/ipv6_sockglue.o
  AR      drivers/misc/mediatek/sensor/2.0/mtk_nanohub/nanohub/nanohub.o
  AR      drivers/misc/mediatek/sensor/2.0/mtk_nanohub/nanohub/built-in.o
  CC      drivers/misc/mediatek/sensor/2.0/mtk_nanohub/mtk_nanohub.o
  CC      net/ipv4/tcp_cong.o
  CC      drivers/misc/mediatek/sensor/2.0/mtk_nanohub/mtk_nanohub_ipi.o
  CC      net/ipv6/ndisc.o
  CC      net/ipv6/udp.o
  CC      drivers/misc/mediatek/sensor/2.0/mtk_nanohub/sensor_list.o
  AR      drivers/misc/mediatek/sensor/2.0/mtk_nanohub/built-in.o
  AR      drivers/misc/mediatek/sensor/2.0/built-in.o
  AR      drivers/misc/mediatek/sensor/built-in.o
  CC      drivers/misc/mediatek/smi/smi_drv.o
  CC      net/ipv4/tcp_metrics.o
  CC      net/ipv6/udplite.o
  AR      drivers/misc/mediatek/smi/built-in.o
  CC      drivers/misc/mediatek/spi_slave_drv/spi_slave.o
  CC      net/ipv4/tcp_fastopen.o
  CC      net/ipv6/raw.o
  AR      drivers/misc/mediatek/spi_slave_drv/built-in.o
  CC      drivers/misc/mediatek/sspm/mt6853/../v2/sspm_helper.o
  CC      drivers/misc/mediatek/sspm/mt6853/sspm_emi_mpu.o
  CC      drivers/misc/mediatek/sspm/mt6853/sspm_ipi_timeout_cb.o
  CC      net/ipv6/icmp.o
  CC      drivers/misc/mediatek/sspm/mt6853/../v2/sspm_sysfs.o
  CC      net/ipv4/tcp_rate.o
  CC      drivers/misc/mediatek/sspm/mt6853/../v2/sspm_reservedmem.o
  CC      drivers/misc/mediatek/sspm/mt6853/../v2/sspm_plt.o
  CC      net/ipv4/tcp_recovery.o
  CC      drivers/misc/mediatek/sspm/mt6853/../v2/sspm_logger_impl.o
  CC      net/ipv6/mcast.o
  CC      net/ipv4/tcp_ulp.o
  CC      net/ipv4/tcp_offload.o
  AR      drivers/misc/mediatek/sspm/mt6853/../v2/built-in.o
  AR      drivers/misc/mediatek/sspm/mt6853/built-in.o
  AR      drivers/misc/mediatek/sspm/built-in.o
  AR      drivers/misc/mediatek/subpmic/built-in.o
  CC      drivers/misc/mediatek/sync/mtk_sync.o
  AR      drivers/misc/mediatek/sync/built-in.o
  CC      drivers/misc/mediatek/systracker/systracker_interface_v2.o
  CC      drivers/misc/mediatek/systracker/mt6853/systracker_platform.o
  CC      drivers/misc/mediatek/systracker/backtrace_64bit.o
  AR      drivers/misc/mediatek/systracker/mt6853/built-in.o
  CC      net/ipv4/datagram.o
  CC      net/ipv4/raw.o
  AR      drivers/misc/mediatek/systracker/built-in.o
  CC      drivers/misc/mediatek/task_turbo/task_turbo.o
  CC      net/ipv6/reassembly.o
  CC      net/ipv4/udp.o
  CC      net/ipv6/tcp_ipv6.o
  AR      drivers/misc/mediatek/task_turbo/built-in.o
  CC      drivers/misc/mediatek/thermal/mtk_thermal_monitor.o
  CC      drivers/misc/mediatek/thermal/mtk_cooler_shutdown.o
  CC      drivers/misc/mediatek/thermal/mtk_cooler_backlight.o
  CC      net/ipv6/ping.o
  CC      drivers/misc/mediatek/thermal/mtk_cooler_kshutdown.o
  CC      net/ipv6/exthdrs.o
  CC      drivers/misc/mediatek/thermal/mtk_cooler_cam.o
  CC      net/ipv4/udplite.o
  CC      net/ipv6/datagram.o
  CC      drivers/misc/mediatek/thermal/common/mtk_thermal_platform.o
  CC      net/ipv6/ip6_flowlabel.o
  CC      drivers/misc/mediatek/thermal/common/ap_thermal_limit.o
  CC      net/ipv4/udp_offload.o
  CC      net/ipv6/inet6_connection_sock.o
  CC      drivers/misc/mediatek/thermal/common/coolers/mtk_ta.o
  CC      net/ipv6/udp_offload.o
  CC      net/ipv4/arp.o
  CC      drivers/misc/mediatek/thermal/common/coolers/mtk_cooler_mutt_gen97.o
  CC      drivers/misc/mediatek/thermal/common/coolers/mtk_cooler_bcct_v1.o
  CC      net/ipv6/seg6.o
  CC      net/ipv6/fib6_notifier.o
  CC      net/ipv6/sysctl_net_ipv6.o
  CC      drivers/misc/mediatek/thermal/common/coolers/mtk_cooler_atm.o
  CC      net/ipv4/icmp.o
  CC      net/ipv6/xfrm6_policy.o
  CC      net/ipv6/xfrm6_state.o
  CC      net/ipv6/xfrm6_input.o
  CC      net/ipv4/devinet.o
  CC      drivers/misc/mediatek/thermal/common/coolers/mtk_cooler_dtm.o
  CC      net/ipv6/xfrm6_output.o
  CC      drivers/misc/mediatek/thermal/common/coolers/mtk_cooler_sysrst.o
  CC      drivers/misc/mediatek/thermal/common/coolers/mtk_cooler_VR_FPS.o
  CC      net/ipv6/xfrm6_protocol.o
  AR      drivers/misc/mediatek/thermal/common/coolers/built-in.o
  CC      drivers/misc/mediatek/thermal/common/thermal_zones/mtk_ts_battery.o
  CC      net/ipv4/af_inet.o
  CC      drivers/misc/mediatek/thermal/common/thermal_zones/mtk_ts_bts.o
  CC      drivers/misc/mediatek/thermal/common/thermal_zones/mtk_ts_btsmdpa.o
  CC      net/ipv6/netfilter.o
  CC      net/ipv6/fib6_rules.o
  CC      drivers/misc/mediatek/thermal/common/thermal_zones/mtk_ts_btsnrpa.o
  CC      drivers/misc/mediatek/thermal/common/thermal_zones/mtk_ts_cpu_noBank.o
  CC      net/ipv4/igmp.o
  CC      net/ipv6/proc.o
  CC      net/ipv4/fib_frontend.o
  CC      net/ipv6/syncookies.o
  CC      drivers/misc/mediatek/thermal/common/thermal_zones/mtk_ts_pa.o
  CC      net/ipv4/fib_semantics.o
  CC      drivers/misc/mediatek/thermal/common/thermal_zones/mtk_ts_pa_thput.o
  CC      net/ipv4/fib_trie.o
  CC      net/ipv6/ah6.o
  CC      drivers/misc/mediatek/thermal/common/thermal_zones/mtk_ts_pmic.o
  CC      net/ipv6/esp6.o
  CC      net/ipv4/fib_notifier.o
  CC      drivers/misc/mediatek/thermal/common/thermal_zones/mtk_ts_charger.o
  CC      net/ipv4/inet_fragment.o
  CC      drivers/misc/mediatek/thermal/common/thermal_zones/mtk_ts_btscharger_ext.o
  CC      lib/lockref.o
  CC      net/ipv6/ipcomp6.o
  CC      drivers/misc/mediatek/thermal/common/thermal_zones/mtk_ts_btsflashlight.o
  CC      lib/bcd.o
  CC      lib/div64.o
  CC      lib/sort.o
  CC      net/ipv6/xfrm6_tunnel.o
  CC      lib/parser.o
  CC      drivers/misc/mediatek/thermal/common/thermal_zones/mtk_ts_btsmbthermal.o
  CC      net/ipv4/ping.o
  CC      lib/debug_locks.o
  CC      drivers/misc/mediatek/thermal/common/thermal_zones/mtk_ts_wmt.o
  CC      lib/random32.o
  CC      net/ipv6/tunnel6.o
  CC      lib/bust_spinlocks.o
  CC      drivers/misc/mediatek/thermal/common/thermal_zones/mtk_tsAll.o
  CC      lib/kasprintf.o
  CC      net/ipv4/ip_tunnel_core.o
  CC      lib/bitmap.o
  CC      net/ipv6/xfrm6_mode_transport.o
  CC      lib/scatterlist.o
  CC      drivers/misc/mediatek/thermal/common/thermal_zones/mtk_ts_imgsensor.o
  CC      net/ipv4/gre_offload.o
  CC      net/ipv6/xfrm6_mode_tunnel.o
  CC      lib/gcd.o
  CC      net/ipv4/metrics.o
  CC      lib/lcm.o
  CC      net/ipv6/xfrm6_mode_beet.o
  CC      lib/list_sort.o
  CC      lib/uuid.o
  AR      drivers/misc/mediatek/thermal/common/thermal_zones/built-in.o
  CC      drivers/misc/mediatek/thermal/common/mtk_thermal_timer.o
  CC      net/ipv6/mip6.o
  CC      lib/flex_array.o
  CC      net/ipv4/ip_tunnel.o
  AR      drivers/misc/mediatek/thermal/common/built-in.o
  CC      drivers/misc/mediatek/thermal/mt6833/src/mtk_lvts_tc.o
  CC      lib/iov_iter.o
  CC      net/ipv6/netfilter/ip6_tables.o
  CC      drivers/misc/mediatek/thermal/mt6833/src/mtk_tc_wrapper.o
  CC      net/ipv4/sysctl_net_ipv4.o
  CC      lib/clz_ctz.o
  CC      drivers/misc/mediatek/thermal/mt6833/src/mtk_thermal_ipi.o
  CC      lib/bsearch.o
  CC      net/ipv4/proc.o
  CC      drivers/misc/mediatek/thermal/mt6833/src/mtk_pmic_efuse.o
  CC      net/ipv6/netfilter/ip6table_filter.o
  CC      lib/find_bit.o
  CC      drivers/misc/mediatek/thermal/mt6833/src/mtk_ts_6359vcore.o
  CC      lib/llist.o
  CC      net/ipv4/fib_rules.o
  CC      net/ipv6/netfilter/ip6table_mangle.o
  CC      lib/memweight.o
  CC      lib/kfifo.o
  CC      drivers/misc/mediatek/thermal/mt6833/src/mtk_ts_6359vproc.o
  CC      net/ipv6/netfilter/ip6table_raw.o
  CC      drivers/misc/mediatek/thermal/mt6833/src/mtk_ts_6359vgpu.o
  CC      net/ipv4/gre_demux.o
  CC      lib/percpu-refcount.o
  CC      net/ipv6/netfilter/nf_conntrack_l3proto_ipv6.o
  CC      drivers/misc/mediatek/thermal/mt6833/src/mtk_ts_6359tsx.o
  CC      lib/percpu_ida.o
  CC      net/ipv6/netfilter/nf_conntrack_proto_icmpv6.o
  CC      drivers/misc/mediatek/thermal/mt6833/src/mtk_ts_6359dcxo.o
  CC      net/ipv4/udp_tunnel.o
  CC      lib/rhashtable.o
  AR      drivers/misc/mediatek/thermal/mt6833/src/built-in.o
  AR      drivers/misc/mediatek/thermal/mt6833/built-in.o
  AR      drivers/misc/mediatek/thermal/built-in.o
  CC      drivers/misc/mediatek/timer/timesync/mtk_sys_timer.o
  CC      net/ipv6/netfilter/nf_defrag_ipv6_hooks.o
  CC      drivers/misc/mediatek/timer/timesync/archcounter_timesync.o
  CC      lib/reciprocal_div.o
  AR      drivers/misc/mediatek/timer/timesync/built-in.o
  AR      drivers/misc/mediatek/timer/built-in.o
TCORE_UT_TESTS_SUPPORT = n
TCORE_PROFILING_SUPPORT = n
TCORE_PROFILING_AUTO_DUMP = n
TCORE_MEMORY_LEAK_DETECTION_SUPPORT = n
../drivers/misc/tzdev/Makefile.include:2: "CONFIG_MTK_PLATFORM: "mt6853""
../drivers/misc/tzdev/Makefile.include:3: "CONFIG_TEEGRIS_VERSION_STRING: "4.2.0""
  CC      drivers/misc/mediatek/trusted_mem/dev_mgr.o
  CC      net/ipv4/ip_vti.o
  CC      lib/once.o
  CC      drivers/misc/mediatek/trusted_mem/entry.o
  CC      net/ipv6/netfilter/nf_conntrack_reasm.o
  CC      lib/refcount.o
  CC      drivers/misc/mediatek/trusted_mem/region_mgr.o
  CC      lib/usercopy.o
  CC      net/ipv4/syncookies.o
  CC      drivers/misc/mediatek/trusted_mem/ssmr_mgr.o
  CC      lib/errseq.o
  CC      drivers/misc/mediatek/trusted_mem/peer_mgr.o
  CC      lib/string_helpers.o
  CC      net/ipv6/netfilter/nf_socket_ipv6.o
  CC      drivers/misc/mediatek/trusted_mem/proc.o
  CC      drivers/misc/mediatek/trusted_mem/alloc_api.o
  CC      lib/hexdump.o
  CC      net/ipv4/esp4.o
  CC      lib/kstrtox.o
  CC      drivers/misc/mediatek/trusted_mem/mpu_vio_checker.o
  CC      net/ipv6/netfilter/nf_log_ipv6.o
  CC      drivers/misc/mediatek/trusted_mem/tee_devices.o
  CC      lib/pci_iomap.o
  CC      drivers/misc/mediatek/trusted_mem/tee_impl/tee_invoke.o
  CC      lib/iomap_copy.o
  CC      net/ipv6/netfilter/nf_reject_ipv6.o
  CC      drivers/misc/mediatek/trusted_mem/tee_impl/tee_ops.o
  CC      net/ipv4/xfrm4_mode_beet.o
  CC      lib/devres.o
  CC      drivers/misc/mediatek/trusted_mem/mtee_devices.o
  CC      drivers/misc/mediatek/trusted_mem/mtee_impl/mtee_ops.o
  CC      net/ipv4/tunnel4.o
  CC      net/ipv6/netfilter/ip6t_rpfilter.o
  CC      lib/hweight.o
  CC      drivers/misc/mediatek/trusted_mem/mtee_impl/mtee_invoke.o
  CC      lib/assoc_array.o
  AR      drivers/misc/mediatek/trusted_mem/trusted_mem.o
  AR      drivers/misc/mediatek/trusted_mem/tee_impl.o
  AR      drivers/misc/mediatek/trusted_mem/mtee_impl.o
  AR      drivers/misc/mediatek/trusted_mem/built-in.o
  CC      drivers/misc/mediatek/twam/spmtwam.o
  CC      net/ipv6/netfilter/ip6t_REJECT.o
  CC      net/ipv4/xfrm4_mode_transport.o
  CC      lib/list_debug.o
  CC      lib/bitrev.o
  CC      lib/rational.o
  AR      net/ipv6/netfilter/nf_conntrack_ipv6.o
  AR      net/ipv6/netfilter/nf_defrag_ipv6.o
  AR      net/ipv6/netfilter/built-in.o
  CC      net/ipv6/ip6_vti.o
  AR      drivers/misc/mediatek/twam/built-in.o
  CC      net/ipv4/xfrm4_mode_tunnel.o
  CC      drivers/misc/mediatek/typec/tcpc/tcpc_mt6360.o
  CC      lib/crc-ccitt.o
  CC      lib/crc16.o
  CC      net/ipv4/netfilter.o
  CC      net/ipv6/sit.o
  HOSTCC  lib/gen_crc32table
  CC      drivers/misc/mediatek/typec/tcpc/tcpci_core.o
  CC      net/ipv4/netfilter/nf_conntrack_l3proto_ipv4.o
  CC      drivers/misc/mediatek/typec/tcpc/tcpci_typec.o
  CC      net/ipv6/ip6_tunnel.o
  CC      lib/libcrc32c.o
  CC      lib/crc8.o
  CC      net/ipv4/netfilter/nf_conntrack_proto_icmp.o
  CC      drivers/misc/mediatek/typec/tcpc/tcpci_timer.o
  CC      lib/xxhash.o
  CC      net/ipv4/netfilter/nf_nat_l3proto_ipv4.o
  CC      drivers/misc/mediatek/typec/tcpc/tcpm.o
  CC      lib/genalloc.o
  CC      net/ipv6/addrconf_core.o
  CC      drivers/misc/mediatek/typec/tcpc/tcpci.o
  CC      lib/fonts/fonts.o
  CC      net/ipv4/netfilter/nf_nat_proto_icmp.o
  CC      net/ipv6/exthdrs_core.o
  CC      lib/fonts/font_8x16.o
  CC      drivers/misc/mediatek/typec/tcpc/pd_dbg_info.o
  AR      lib/fonts/font.o
  AR      lib/fonts/built-in.o
  CC      net/ipv4/netfilter/nf_defrag_ipv4.o
  CC      drivers/misc/mediatek/typec/tcpc/tcpci_alert.o
  CC      lib/lz4/lz4_compress.o
  CC      net/ipv6/ip6_checksum.o
  CC      drivers/misc/mediatek/typec/tcpc/rt_pd_manager.o
  CC      net/ipv4/netfilter/nf_socket_ipv4.o
  CC      drivers/misc/mediatek/typec/tcpc/tcpci_event.o
  CC      lib/lz4/lz4_decompress.o
  CC      net/ipv6/ip6_icmp.o
  AR      lib/lz4/built-in.o
  CC      drivers/misc/mediatek/typec/tcpc/pd_core.o
  CC      net/ipv4/netfilter/nf_log_ipv4.o
  CC      lib/lzo/lzo1x_compress.o
  CC      net/ipv6/output_core.o
  CC      lib/lzo/lzo1x_decompress_safe.o
  CC      drivers/misc/mediatek/typec/tcpc/pd_policy_engine.o
  CC      net/ipv4/netfilter/nf_reject_ipv4.o
  AR      lib/lzo/lzo_compress.o
  AR      lib/lzo/lzo_decompress.o
  AR      lib/lzo/built-in.o
  CC      drivers/misc/mediatek/typec/tcpc/pd_process_evt.o
  CC      lib/mpi/generic_mpih-lshift.o
  CC      net/ipv6/protocol.o
  CC      drivers/misc/mediatek/typec/tcpc/pd_dpm_core.o
  CC      lib/mpi/generic_mpih-mul1.o
  CC      net/ipv4/netfilter/nf_nat_h323.o
  CC      lib/mpi/generic_mpih-mul2.o
  CC      net/ipv6/ip6_offload.o
  CC      drivers/misc/mediatek/typec/tcpc/pd_dpm_uvdm.o
  CC      lib/mpi/generic_mpih-mul3.o
  CC      lib/mpi/generic_mpih-rshift.o
  CC      drivers/misc/mediatek/typec/tcpc/pd_dpm_alt_mode_dp.o
  CC      net/ipv6/tcpv6_offload.o
  CC      net/ipv4/netfilter/nf_nat_pptp.o
  CC      lib/mpi/generic_mpih-sub1.o
  CC      drivers/misc/mediatek/typec/tcpc/pd_dpm_pdo_select.o
  CC      lib/mpi/generic_mpih-add1.o
  CC      net/ipv6/exthdrs_offload.o
  CC      drivers/misc/mediatek/typec/tcpc/pd_dpm_reaction.o
  CC      lib/mpi/mpicoder.o
  CC      net/ipv4/netfilter/nf_nat_masquerade_ipv4.o
  CC      drivers/misc/mediatek/typec/tcpc/pd_process_evt_snk.o
  CC      net/ipv6/inet6_hashtables.o
  CC      lib/mpi/mpi-bit.o
  CC      drivers/misc/mediatek/typec/tcpc/pd_process_evt_src.o
  CC      net/ipv4/netfilter/nf_nat_proto_gre.o
  CC      drivers/misc/mediatek/typec/tcpc/pd_process_evt_vdm.o
  CC      lib/mpi/mpi-cmp.o
  CC      net/ipv6/ip6_udp_tunnel.o
  CC      drivers/misc/mediatek/typec/tcpc/pd_process_evt_drs.o
  CC      lib/mpi/mpih-cmp.o
  CC      lib/mpi/mpih-div.o
  CC      drivers/misc/mediatek/typec/tcpc/pd_process_evt_prs.o
  CC      net/ipv4/netfilter/ip_tables.o
  CC      lib/mpi/mpih-mul.o
  CC      drivers/misc/mediatek/typec/tcpc/pd_process_evt_vcs.o
  CC      lib/mpi/mpi-pow.o
  CC      drivers/misc/mediatek/typec/tcpc/pd_process_evt_dbg.o
  CC      net/ipv6/mcast_snoop.o
  CC      drivers/misc/mediatek/typec/tcpc/pd_process_evt_tcp.o
  CC      lib/mpi/mpiutil.o
  CC      drivers/misc/mediatek/typec/tcpc/pd_process_evt_com.o
  CC      net/ipv4/netfilter/iptable_filter.o
  AR      lib/mpi/mpi.o
  AR      lib/mpi/built-in.o
  CC      lib/reed_solomon/reed_solomon.o
  AR      net/ipv6/ipv6.o
  AR      net/ipv6/built-in.o
  CC      drivers/misc/mediatek/typec/tcpc/pd_policy_engine_src.o
  CC      drivers/misc/mediatek/typec/tcpc/pd_policy_engine_snk.o
  CC      net/key/af_key.o
  CC      net/ipv4/netfilter/iptable_mangle.o
  AR      lib/reed_solomon/built-in.o
  CC      drivers/misc/mediatek/typec/tcpc/pd_policy_engine_ufp.o
  CC      lib/zlib_deflate/deflate.o
  CC      drivers/misc/mediatek/typec/tcpc/pd_policy_engine_vcs.o
  CC      lib/zlib_deflate/deftree.o
  CC      net/ipv4/netfilter/iptable_nat.o
  CC      drivers/misc/mediatek/typec/tcpc/pd_policy_engine_dfp.o
  CC      lib/zlib_deflate/deflate_syms.o
  CC      drivers/misc/mediatek/typec/tcpc/pd_policy_engine_dr.o
  AR      net/key/built-in.o
  CC      drivers/misc/mediatek/typec/tcpc/pd_policy_engine_drs.o
  CC      net/ipv4/netfilter/iptable_raw.o
  AR      lib/zlib_deflate/zlib_deflate.o
  AR      lib/zlib_deflate/built-in.o
  CC      lib/zlib_inflate/inffast.o
  CC      lib/zlib_inflate/inflate.o
  CC      drivers/misc/mediatek/typec/tcpc/pd_policy_engine_prs.o
  CC      lib/zlib_inflate/infutil.o
  CC      net/ipv4/netfilter/iptable_security.o
  CC      net/ipv4/netfilter/ipt_ah.o
  CC      lib/zlib_inflate/inftrees.o
  CC      drivers/misc/mediatek/typec/tcpc/pd_policy_engine_dbg.o
  CC      lib/zlib_inflate/inflate_syms.o
  CC      drivers/misc/mediatek/typec/tcpc/pd_policy_engine_com.o
  CC      drivers/misc/mediatek/typec/tcpc/pd_dpm_alt_mode_dc.o
  AR      lib/zlib_inflate/zlib_inflate.o
  AR      lib/zlib_inflate/built-in.o
  CC      net/ipv4/netfilter/ipt_rpfilter.o
  CC      lib/zstd/fse_compress.o
  CC      lib/zstd/huf_compress.o
  CC      lib/zstd/compress.o
  AR      drivers/misc/mediatek/typec/tcpc/built-in.o
  CC      net/ipv4/netfilter/ipt_MASQUERADE.o
  CC      drivers/misc/mediatek/typec/u3_switch/usb_switch.o
  CC      net/ipv4/netfilter/ipt_REJECT.o
  AR      drivers/misc/mediatek/typec/u3_switch/built-in.o
  AR      drivers/misc/mediatek/typec/built-in.o
  CC      drivers/misc/mediatek/udi/udi_v3/mtk_udi.o
  CC      net/ipv4/netfilter/arp_tables.o
  CC      drivers/misc/mediatek/usb20/mt6833/usb20.o
  AR      drivers/misc/mediatek/udi/udi_v3/built-in.o
  AR      drivers/misc/mediatek/udi/built-in.o
  CC      drivers/misc/mediatek/usb20/mt6833/usb20_phy.o
  CC      net/ipv4/netfilter/arpt_mangle.o
  CC      drivers/misc/mediatek/usb_boost/usb_boost.o
  CC      drivers/misc/mediatek/usb20/mt6833/usb20_host.o
  CC      drivers/misc/mediatek/usb_boost/v1/usb_boost_plat.o
  AR      drivers/misc/mediatek/usb_boost/v1/built-in.o
  AR      drivers/misc/mediatek/usb_boost/built-in.o
  CC      drivers/misc/mediatek/vibrator/vibrator_drv.o
  AR      drivers/misc/mediatek/usb20/mt6833/built-in.o
  CC      drivers/misc/mediatek/usb20/musb_core.o
  CC      net/ipv4/netfilter/arptable_filter.o
  CC      drivers/misc/mediatek/vibrator/mt6853/vibrator.o
  AR      net/ipv4/netfilter/nf_conntrack_ipv4.o
  AR      net/ipv4/netfilter/nf_nat_ipv4.o
  AR      net/ipv4/netfilter/built-in.o
  CC      net/ipv4/inet_diag.o
  AR      drivers/misc/mediatek/vibrator/mt6853/built-in.o
  AR      drivers/misc/mediatek/vibrator/built-in.o
  CC      drivers/misc/mediatek/zone_movable_cma/single_cma.o
  CC      drivers/misc/mediatek/usb20/musb_gadget_ep0.o
  CC      lib/zstd/entropy_common.o
  CC      lib/zstd/fse_decompress.o
  CC      net/ipv4/tcp_diag.o
  CC      lib/zstd/zstd_common.o
  CC      drivers/misc/mediatek/zone_movable_cma/zmc_notify.o
  CC      drivers/misc/mediatek/usb20/musb_gadget.o
  CC      lib/zstd/huf_decompress.o
  AR      drivers/misc/mediatek/zone_movable_cma/built-in.o
  CC      lib/zstd/decompress.o
  CC      net/ipv4/udp_diag.o
  CC      drivers/misc/mediatek/usb20/musb_virthub.o
  CC      net/ipv4/tcp_bic.o
  CC      net/ipv4/tcp_cubic.o
  CC      drivers/misc/mediatek/usb20/musb_host.o
  CC      drivers/misc/mediatek/usb20/musbhsdma.o
  AR      lib/zstd/zstd_compress.o
  AR      lib/zstd/zstd_decompress.o
  AR      lib/zstd/built-in.o
  CC      lib/textsearch.o
  CC      lib/ts_kmp.o
  CC      net/ipv4/xfrm4_policy.o
  CC      net/ipv4/xfrm4_state.o
  CC      lib/ts_bm.o
  CC      lib/ts_fsm.o
  CC      lib/percpu_counter.o
  CC      net/ipv4/xfrm4_input.o
  CC      net/ipv4/xfrm4_output.o
  CC      drivers/misc/mediatek/usb20/musb_debugfs.o
  CC      lib/audit.o
  CC      lib/compat_audit.o
  CC      drivers/misc/mediatek/usb20/mtk_qmu.o
  CC      lib/swiotlb.o
  CC      net/ipv4/xfrm4_protocol.o
  CC      lib/iommu-helper.o
  CC      lib/iommu-common.o
  CC      lib/fault-inject.o
  CC      lib/syscall.o
  CC [M]  net/ipv4/tcp_westwood.o
  CC      drivers/misc/mediatek/usb20/musb_qmu.o
  CC      drivers/misc/mediatek/usb20/mtk_dual_role.o
  CC      lib/dynamic_debug.o
  CC      lib/nlattr.o
  AR      drivers/misc/mediatek/usb20/musb_hdrc.o
  AR      drivers/misc/mediatek/usb20/built-in.o
  AR      drivers/misc/mediatek/built-in.o
  CC [M]  net/ipv4/tcp_htcp.o
  AR      drivers/misc/built-in.o
  CC      drivers/pinctrl/core.o
  CC      lib/checksum.o
  AR      net/ipv4/gre.o
  AR      net/ipv4/built-in.o
  CC      net/l2tp/l2tp_core.o
  CC      lib/cpu_rmap.o
  CC      drivers/pinctrl/pinctrl-utils.o
  AR      drivers/platform/built-in.o
  CC      lib/dynamic_queue_limits.o
  AR      drivers/power/reset/built-in.o
  CC      lib/glob.o
  CC      drivers/power/supply/power_supply_core.o
  CC      drivers/pinctrl/pinmux.o
  CC      lib/digsig.o
  CC      drivers/pinctrl/pinconf.o
  CC      net/l2tp/l2tp_ppp.o
  CC      drivers/power/supply/power_supply_sysfs.o
  CC      drivers/pinctrl/devicetree.o
  CC      lib/strncpy_from_user.o
  CC      drivers/power/supply/power_supply_leds.o
  CC      drivers/power/supply/mediatek/battery/mtk_battery.o
  CC      drivers/pinctrl/pinconf-generic.o
  CC      lib/strnlen_user.o
  AR      net/l2tp/built-in.o
  CC      net/llc/llc_core.o
  AR      drivers/pinctrl/bcm/built-in.o
  AR      drivers/pinctrl/freescale/built-in.o
  CC      drivers/pinctrl/mediatek/mtk-eint.o
  CC      lib/net_utils.o
  CC      net/llc/llc_input.o
  CC      drivers/pinctrl/mediatek/pinctrl-paris.o
  CC      lib/sg_pool.o
  CC      drivers/power/supply/mediatek/battery/mtk_power_misc.o
  CC      drivers/pinctrl/mediatek/pinctrl-mtk-common-v2.o
  CC      net/llc/llc_output.o
  CC      lib/asn1_decoder.o
  CC      drivers/pinctrl/mediatek/pinctrl-mtk-common-v2_debug.o
  CC      drivers/power/supply/mediatek/battery/mtk_gauge_coulomb_service.o
  GEN     lib/oid_registry_data.c
  CC      lib/sbitmap.o
  AR      net/llc/llc.o
  AR      net/llc/built-in.o
  CC      net/netfilter/core.o
  CC      drivers/pinctrl/mediatek/pinctrl-mt6833.o
  CC      drivers/power/supply/mediatek/battery/mtk_gauge_class.o
  AR      drivers/pinctrl/mediatek/built-in.o
  CC      lib/argv_split.o
  AR      drivers/pinctrl/mvebu/built-in.o
  AR      drivers/pinctrl/nomadik/built-in.o
  AR      drivers/pinctrl/sprd/built-in.o
  AR      drivers/pinctrl/ti/built-in.o
  AR      drivers/pinctrl/built-in.o
  CC      lib/bug.o
  CC      lib/chacha.o
  AR      drivers/ptp/built-in.o
  CC      lib/clz_tab.o
  CC      lib/cmdline.o
  CC      net/netfilter/nf_log.o
  CC      net/netfilter/nf_queue.o
  CC      lib/cpumask.o
  CC      drivers/power/supply/mediatek/battery/mtk_battery_recovery.o
  CC      lib/ctype.o
  CC      lib/dec_and_lock.o
  CC      net/netfilter/nf_sockopt.o
  CC      lib/decompress.o
  CC      lib/decompress_inflate.o
  CC      net/netfilter/nfnetlink.o
  CC      lib/decompress_unlz4.o
  CC      drivers/power/supply/mediatek/battery/mtk_battery_core.o
  CC      lib/dump_stack.o
  CC      lib/earlycpio.o
  CC      lib/extable.o
  CC      lib/fdt.o
  CC      net/netfilter/nfnetlink_queue.o
  CC      lib/fdt_empty_tree.o
  CC      lib/fdt_ro.o
  CC      net/netfilter/nfnetlink_log.o
  CC      lib/fdt_rw.o
  CC      lib/fdt_strerror.o
  CC      lib/fdt_sw.o
  CC      lib/fdt_wip.o
  CC      net/netfilter/nf_conntrack_core.o
  CC      lib/flex_proportions.o
  CC      lib/idr.o
  CC      lib/int_sqrt.o
  AR      drivers/power/supply/mediatek/battery/built-in.o
  CC      drivers/power/supply/mediatek/charger/charger_class.o
  CC      drivers/power/supply/mediatek/charger/mtk_charger.o
  CC      lib/ioremap.o
  CC      lib/irq_regs.o
  CC      lib/is_single_threaded.o
  CC      lib/klist.o
  CC      lib/kobject.o
  CC      net/netfilter/nf_conntrack_standalone.o
  CC      lib/kobject_uevent.o
  CC      drivers/power/supply/mediatek/charger/mtk_switch_charging.o
  CC      lib/nmi_backtrace.o
  CC      net/netfilter/nf_conntrack_expect.o
  CC      lib/nodemask.o
  CC      drivers/power/supply/mediatek/charger/mtk_pdc_intf.o
  CC      drivers/power/supply/mediatek/charger/mtk_chg_type_det.o
  CC      lib/plist.o
  CC      lib/radix-tree.o
  CC      drivers/power/supply/mediatek/charger/mtk_pe40_intf.o
  CC      drivers/power/supply/mediatek/charger/mtk_linear_charging.o
  CC      net/netfilter/nf_conntrack_helper.o
  CC      lib/ratelimit.o
  CC      drivers/power/supply/mediatek/charger/adapter_class.o
  CC      drivers/power/supply/mediatek/charger/mtk_pd_adapter.o
  CC      lib/rbtree.o
  CC      drivers/power/supply/mediatek/charger/mtk_switch_charging2.o
  CC      drivers/power/supply/mediatek/charger/mtk_intf.o
  CC      net/netfilter/nf_conntrack_proto.o
  CC      lib/seq_buf.o
  CC      lib/sha1.o
  CC      lib/show_mem.o
  CC      drivers/power/supply/mediatek/charger/mtk_pe40.o
  CC      drivers/power/supply/mediatek/charger/mtk_pdc.o
  CC      lib/siphash.o
  CC      net/netfilter/nf_conntrack_l3proto_generic.o
  CC      drivers/power/supply/mediatek/charger/mtk_pe20_intf.o
  CC      drivers/power/supply/mediatek/charger/afc_charger_intf.o
  CC      lib/string.o
  CC      lib/timerqueue.o
  CC      lib/vsprintf.o
  CC      net/netfilter/nf_conntrack_proto_generic.o
  AR      drivers/power/supply/mediatek/charger/built-in.o
  CC      drivers/power/supply/mediatek/misc/mtk_gauge_time_service.o
  CC      lib/win_minmax.o
  AR      drivers/power/supply/mediatek/misc/built-in.o
  AR      drivers/power/supply/mediatek/built-in.o
  CC      net/netfilter/nf_conntrack_proto_tcp.o
  AR      drivers/power/supply/power_supply.o
  AR      drivers/power/supply/built-in.o
  AR      drivers/power/built-in.o
  GEN     lib/crc32table.h
  CC      lib/oid_registry.o
  CC      drivers/pwm/core.o
  CC      drivers/pwm/sysfs.o
  CC      lib/crc32.o
  CC      drivers/pwm/pwm-mtk-disp.o
  AR      lib/lib.a
  EXPORTS lib/lib-ksyms.o
  CC      drivers/regulator/core.o
  AR      drivers/pwm/built-in.o
  CC      drivers/regulator/dummy.o
  CC      net/netfilter/nf_conntrack_proto_udp.o
  AR      lib/built-in.o
  AR      virt/lib/built-in.o
  AR      virt/built-in.o
  CC      drivers/regulator/fixed-helper.o
  DTC     arch/arm64/boot/dts/mediatek/mt6833.dtb
  DTC     arch/arm64/boot/dts/mediatek/mt6833_a22x_eur_open_00.dtb
arch/arm64/boot/dts/mediatek/mt6833_a22x_eur_open_00.dtb: Warning (reg_format): "reg" property in /fragment@13/__overlay__/lcm_bias@3e has invalid length (4 bytes) (#address-cells == 2, #size-cells == 1)
arch/arm64/boot/dts/mediatek/mt6833_a22x_eur_open_00.dtb: Warning (reg_format): "reg" property in /fragment@14/__overlay__/novatek@0 has invalid length (4 bytes) (#address-cells == 2, #size-cells == 1)
arch/arm64/boot/dts/mediatek/mt6833_a22x_eur_open_00.dtb: Warning (reg_format): "reg" property in /fragment@22/__overlay__/abov_sar@20 has invalid length (4 bytes) (#address-cells == 2, #size-cells == 1)
arch/arm64/boot/dts/mediatek/mt6833_a22x_eur_open_00.dtb: Warning (reg_format): "reg" property in /fragment@29/__overlay__/camera_eeprom4@51 has invalid length (4 bytes) (#address-cells == 2, #size-cells == 1)
arch/arm64/boot/dts/mediatek/mt6833_a22x_eur_open_00.dtb: Warning (reg_format): "reg" property in /fragment@30/__overlay__/camera_eeprom1@51 has invalid length (4 bytes) (#address-cells == 2, #size-cells == 1)
arch/arm64/boot/dts/mediatek/mt6833_a22x_eur_open_00.dtb: Warning (reg_format): "reg" property in /fragment@30/__overlay__/camera_eeprom2@50 has invalid length (4 bytes) (#address-cells == 2, #size-cells == 1)
arch/arm64/boot/dts/mediatek/mt6833_a22x_eur_open_00.dtb: Warning (reg_format): "reg" property in /fragment@31/__overlay__/camera_eeprom0@50 has invalid length (4 bytes) (#address-cells == 2, #size-cells == 1)
arch/arm64/boot/dts/mediatek/mt6833_a22x_eur_open_00.dtb: Warning (reg_format): "reg" property in /fragment@64/__overlay__/sec-nfc@27 has invalid length (4 bytes) (#address-cells == 2, #size-cells == 1)
arch/arm64/boot/dts/mediatek/mt6833_a22x_eur_open_00.dtb: Warning (avoid_default_addr_size): Relying on default #address-cells value for /fragment@13/__overlay__/lcm_bias@3e
arch/arm64/boot/dts/mediatek/mt6833_a22x_eur_open_00.dtb: Warning (avoid_default_addr_size): Relying on default #size-cells value for /fragment@13/__overlay__/lcm_bias@3e
arch/arm64/boot/dts/mediatek/mt6833_a22x_eur_open_00.dtb: Warning (avoid_default_addr_size): Relying on default #address-cells value for /fragment@14/__overlay__/novatek@0
arch/arm64/boot/dts/mediatek/mt6833_a22x_eur_open_00.dtb: Warning (avoid_default_addr_size): Relying on default #size-cells value for /fragment@14/__overlay__/novatek@0
arch/arm64/boot/dts/mediatek/mt6833_a22x_eur_open_00.dtb: Warning (avoid_default_addr_size): Relying on default #address-cells value for /fragment@22/__overlay__/abov_sar@20
arch/arm64/boot/dts/mediatek/mt6833_a22x_eur_open_00.dtb: Warning (avoid_default_addr_size): Relying on default #size-cells value for /fragment@22/__overlay__/abov_sar@20
arch/arm64/boot/dts/mediatek/mt6833_a22x_eur_open_00.dtb: Warning (avoid_default_addr_size): Relying on default #address-cells value for /fragment@29/__overlay__/camera_eeprom4@51
arch/arm64/boot/dts/mediatek/mt6833_a22x_eur_open_00.dtb: Warning (avoid_default_addr_size): Relying on default #size-cells value for /fragment@29/__overlay__/camera_eeprom4@51
arch/arm64/boot/dts/mediatek/mt6833_a22x_eur_open_00.dtb: Warning (avoid_default_addr_size): Relying on default #address-cells value for /fragment@30/__overlay__/camera_eeprom1@51
arch/arm64/boot/dts/mediatek/mt6833_a22x_eur_open_00.dtb: Warning (avoid_default_addr_size): Relying on default #size-cells value for /fragment@30/__overlay__/camera_eeprom1@51
arch/arm64/boot/dts/mediatek/mt6833_a22x_eur_open_00.dtb: Warning (avoid_default_addr_size): Relying on default #address-cells value for /fragment@30/__overlay__/camera_eeprom2@50
arch/arm64/boot/dts/mediatek/mt6833_a22x_eur_open_00.dtb: Warning (avoid_default_addr_size): Relying on default #size-cells value for /fragment@30/__overlay__/camera_eeprom2@50
arch/arm64/boot/dts/mediatek/mt6833_a22x_eur_open_00.dtb: Warning (avoid_default_addr_size): Relying on default #address-cells value for /fragment@31/__overlay__/camera_eeprom0@50
arch/arm64/boot/dts/mediatek/mt6833_a22x_eur_open_00.dtb: Warning (avoid_default_addr_size): Relying on default #size-cells value for /fragment@31/__overlay__/camera_eeprom0@50
arch/arm64/boot/dts/mediatek/mt6833_a22x_eur_open_00.dtb: Warning (avoid_default_addr_size): Relying on default #address-cells value for /fragment@64/__overlay__/sec-nfc@27
arch/arm64/boot/dts/mediatek/mt6833_a22x_eur_open_00.dtb: Warning (avoid_default_addr_size): Relying on default #size-cells value for /fragment@64/__overlay__/sec-nfc@27
  CC      drivers/regulator/helpers.o
  CC      drivers/regulator/devres.o
  CC      drivers/regulator/of_regulator.o
  CC      net/netfilter/nf_conntrack_extend.o
  CC      drivers/regulator/mt6315-regulator.o
  CC      drivers/regulator/mt6315-misc.o
  CC      drivers/regulator/mt6359p-regulator.o
  CC      net/netfilter/nf_conntrack_acct.o
  CC      net/netfilter/nf_conntrack_seqadj.o
  CC      net/netfilter/nf_conntrack_ecache.o
  AR      drivers/regulator/built-in.o
  CC      drivers/rpmsg/rpmsg_core.o
  CC      drivers/rpmsg/mtk_rpmsg.o
  CC      net/netfilter/nf_conntrack_proto_dccp.o
  CC      net/netfilter/nf_conntrack_proto_sctp.o
  AR      drivers/rpmsg/built-in.o
  CC      drivers/rtc/rtc-lib.o
  CC      net/netfilter/nf_conntrack_proto_gre.o
  CC      drivers/rtc/hctosys.o
  CC      net/netfilter/nf_conntrack_netlink.o
  CC      drivers/rtc/class.o
  CC      net/netfilter/nf_conntrack_amanda.o
  CC      net/netfilter/nf_conntrack_ftp.o
  CC      drivers/rtc/interface.o
  CC      drivers/rtc/nvmem.o
  CC      net/netlink/af_netlink.o
  CC      net/netlink/genetlink.o
  CC      drivers/rtc/rtc-dev.o
  CC      net/netfilter/nf_conntrack_h323_main.o
  CC      drivers/rtc/rtc-proc.o
  CC      drivers/rtc/rtc-sysfs.o
  CC      drivers/rtc/rtc-mt6358.o
  CC      net/netfilter/nf_conntrack_h323_asn1.o
  CC      net/netfilter/nf_conntrack_irc.o
  CC      net/netfilter/nf_conntrack_broadcast.o
  AR      drivers/rtc/rtc-core.o
  AR      drivers/rtc/built-in.o
  CC      drivers/samsung/debug/sec_debug.o
  AR      net/netlink/built-in.o
  CC      drivers/samsung/debug/sec_debug_extra_info.o
  CC      net/nfc/core.o
  CC      drivers/samsung/debug/sec_debug_hw_param.o
  CC      net/nfc/netlink.o
  CC      net/netfilter/nf_conntrack_netbios_ns.o
  CC      drivers/samsung/debug/sec_debug_auto_comment.o
  AR      drivers/samsung/debug/built-in.o
  CC      drivers/samsung/misc/sec_log.o
  CC      net/netfilter/nf_conntrack_pptp.o
  CC      net/nfc/af_nfc.o
  CC      net/nfc/rawsock.o
  CC      drivers/samsung/misc/sec_bootstat.o
  CC      net/netfilter/nf_conntrack_sane.o
  CC      drivers/samsung/misc/vbus_notifier.o
  CC      drivers/samsung/misc/cable_type_notifier.o
  CC      drivers/samsung/misc/sec_chipid.o
  CC      net/netfilter/nf_conntrack_tftp.o
  CC      net/nfc/llcp_core.o
  CC      net/nfc/llcp_commands.o
  AR      drivers/samsung/misc/built-in.o
  CC      drivers/samsung/sec_reboot.o
  CC      drivers/samsung/sec_class.o
  CC      net/nfc/llcp_sock.o
  CC      net/netfilter/nf_log_common.o
  CC      net/netfilter/nf_nat_core.o
  CC      drivers/samsung/sec_param.o
  CC      drivers/samsung/sec_fmm_lock.o
  AR      net/nfc/nfc.o
  AR      net/nfc/built-in.o
  CC      net/packet/af_packet.o
  CC      net/netfilter/nf_nat_proto_unknown.o
  CC      drivers/samsung/sec_key_notifier.o
  CC      drivers/samsung/sec_crash_key.o
  CC      drivers/samsung/sec_crash_key_user.o
  CC      drivers/samsung/sec_hard_reset_hook.o
  CC      net/netfilter/nf_nat_proto_common.o
  CC      net/netfilter/nf_nat_proto_udp.o
  AR      drivers/samsung/built-in.o
  CC      drivers/scsi/scsi.o
  CC      net/netfilter/nf_nat_proto_tcp.o
  CC      net/netfilter/nf_nat_helper.o
  CC      drivers/scsi/hosts.o
  AR      net/packet/built-in.o
  CC      net/sched/sch_generic.o
  CC      net/netfilter/nf_nat_proto_dccp.o
  CC      net/netfilter/nf_nat_proto_sctp.o
  CC      drivers/scsi/scsi_ioctl.o
  CC      net/netfilter/nf_nat_redirect.o
  CC      net/sched/sch_mq.o
  CC      net/netfilter/nf_nat_amanda.o
  CC      drivers/scsi/scsicam.o
  CC      net/sched/sch_api.o
  CC      net/sched/sch_blackhole.o
  CC      net/netfilter/nf_nat_ftp.o
  CC      drivers/scsi/scsi_error.o
  CC      net/sched/cls_api.o
  CC      net/netfilter/nf_nat_irc.o
  CC      net/netfilter/nf_nat_tftp.o
  CC      drivers/scsi/scsi_lib.o
  CC      net/sched/act_api.o
  CC      drivers/scsi/scsi_common.o
  CC      drivers/scsi/scsi_lib_dma.o
  CC      net/netfilter/x_tables.o
  CC      net/netfilter/xt_tcpudp.o
  CC      net/sched/act_police.o
  CC      drivers/scsi/scsi_scan.o
  CC      net/netfilter/xt_mark.o
  CC      net/sched/act_mirred.o
  CC      net/netfilter/xt_connmark.o
  CC      net/netfilter/xt_nat.o
  CC      drivers/scsi/scsi_sysfs.o
  CC      net/sched/sch_fifo.o
  CC      drivers/scsi/scsi_devinfo.o
  CC      net/netfilter/xt_CLASSIFY.o
  CC      net/netfilter/xt_CONNSECMARK.o
  CC      drivers/scsi/scsi_sysctl.o
  CC      net/sched/sch_htb.o
  CC      net/sched/sch_ingress.o
  CC      drivers/scsi/scsi_proc.o
  CC      net/sched/sch_prio.o
  CC      net/netfilter/xt_CT.o
  CC      drivers/scsi/scsi_trace.o
  CC      net/netfilter/xt_LOG.o
  CC      net/sched/cls_u32.o
  CC      drivers/scsi/scsi_logging.o
  CC      drivers/scsi/scsi_pm.o
  CC      net/netfilter/xt_NETMAP.o
  CC      net/netfilter/xt_NFLOG.o
  CC      drivers/scsi/ufs/ufshcd.o
  CC      net/sched/cls_basic.o
  CC      net/sched/cls_bpf.o
  CC      net/netfilter/xt_NFQUEUE.o
  CC      drivers/scsi/ufs/ufshcd-crypto.o
  CC      net/sched/ematch.o
  CC      net/netfilter/xt_REDIRECT.o
  CC      drivers/scsi/ufs/ufsfeature.o
  CC      net/netfilter/xt_SECMARK.o
  CC      net/sched/em_u32.o
  CC      net/netfilter/xt_TPROXY.o
  CC      net/netfilter/xt_TCPMSS.o
  AR      net/sched/built-in.o
  CC      net/unix/af_unix.o
  CC      net/unix/garbage.o
  CC      net/netfilter/xt_TRACE.o
  CC      drivers/scsi/ufs/ufshpb.o
  CC      net/netfilter/xt_IDLETIMER.o
  CC      net/netfilter/xt_bpf.o
  CC      net/netfilter/xt_comment.o
  CC      net/netfilter/xt_connlimit.o
  CC      net/unix/sysctl_net_unix.o
  CC      net/netfilter/xt_conntrack.o
  CC      net/unix/scm.o
  CC      drivers/scsi/ufs/ufstw.o
  CC      net/netfilter/xt_ecn.o
  CC      net/netfilter/xt_esp.o
  CC      drivers/scsi/ufs/ufshpb_skh.o
  AR      net/unix/unix.o
  AR      net/unix/built-in.o
  CC      net/wireless/core.o
  CC      net/netfilter/xt_hashlimit.o
  CC      drivers/scsi/ufs/ufshcd-pltfrm.o
  CC      drivers/scsi/ufs/ufs-mtk.o
  CC      net/netfilter/xt_helper.o
  CC      drivers/scsi/ufs/mediatek/mt6853/ufs-mtk-platform.o
  CC      net/netfilter/xt_hl.o
  CC      net/wireless/sysfs.o
  CC      net/wireless/radiotap.o
  CC      net/netfilter/xt_iprange.o
  CC      drivers/scsi/ufs/ufs-mtk-block.o
  CC      net/netfilter/xt_l2tp.o
  CC      net/wireless/util.o
  CC      net/wireless/reg.o
  CC      drivers/scsi/ufs/ufs-mtk-dbg.o
  CC      net/netfilter/xt_length.o
  CC      net/netfilter/xt_limit.o
  AR      drivers/scsi/ufs/ufshcd-core.o
  AR      drivers/scsi/ufs/built-in.o
  CC      drivers/scsi/sd.o
  CC      net/netfilter/xt_mac.o
  CC      net/wireless/scan.o
  CC      net/netfilter/xt_owner.o
  CC      net/netfilter/xt_pkttype.o
  AR      drivers/scsi/scsi_mod.o
  AR      drivers/scsi/sd_mod.o
  AR      drivers/scsi/built-in.o
  CC      drivers/sensors/sensors_class.o
  CC      net/netfilter/xt_policy.o
  CC      net/netfilter/xt_quota.o
  AR      drivers/sensors/built-in.o
  AR      drivers/soc/bcm/built-in.o
  AR      drivers/soc/fsl/built-in.o
  CC      drivers/soc/mediatek/mtk-pmic-wrap.o
  AR      drivers/soc/renesas/built-in.o
  CC      drivers/soc/mediatek/mtk-cmdq-helper.o
  CC      net/netfilter/xt_quota2.o
  CC      net/wireless/nl80211.o
  CC      net/netfilter/xt_socket.o
  CC      drivers/soc/mediatek/mtk-mbox.o
  CC      drivers/soc/mediatek/mtk_tinysys_ipi.o
  CC      net/netfilter/xt_state.o
  CC      drivers/soc/mediatek/mtk-lpm.o
  CC      drivers/soc/mediatek/mtk-socinfo.o
  CC      net/netfilter/xt_statistic.o
  CC      net/netfilter/xt_string.o
  AR      drivers/soc/mediatek/built-in.o
  AR      drivers/soc/built-in.o
  CC      drivers/spi/spi.o
  CC      net/netfilter/xt_time.o
  CC      net/netfilter/xt_u32.o
  AR      net/netfilter/netfilter.o
  AR      net/netfilter/nf_conntrack.o
  AR      net/netfilter/nf_conntrack_h323.o
  AR      net/netfilter/nf_nat.o
  CC      drivers/spi/spi-mt65xx.o
  AR      net/netfilter/built-in.o
  CC      net/xfrm/xfrm_policy.o
  CC      drivers/spi/spi-mt65xx-dev.o
  CC      net/xfrm/xfrm_state.o
  AR      drivers/spi/built-in.o
  CC      drivers/spmi/spmi.o
  CC      drivers/spmi/mtk-pmif.o
  CC      net/xfrm/xfrm_hash.o
  CC      net/xfrm/xfrm_input.o
  CC      drivers/spmi/mtk-dbg.o
  CC      net/xfrm/xfrm_output.o
  AR      drivers/spmi/built-in.o
  CC      drivers/staging/android/ion/ion.o
  CC      net/wireless/mlme.o
  CC      drivers/staging/android/ion/ion-ioctl.o
  CC      net/xfrm/xfrm_sysctl.o
  CC      drivers/staging/android/ion/ion_heap.o
  CC      drivers/staging/android/ion/ion_page_pool.o
  CC      net/xfrm/xfrm_replay.o
  CC      drivers/staging/android/ion/ion_system_heap.o
  CC      drivers/staging/android/ion/ion_carveout_heap.o
  CC      net/wireless/ibss.o
  CC      drivers/staging/android/ion/ion_chunk_heap.o
  CC      net/xfrm/xfrm_device.o
  CC      drivers/staging/android/ion/ion_cma_heap.o
  CC      net/xfrm/xfrm_proc.o
  CC      net/xfrm/xfrm_algo.o
  CC      drivers/staging/android/ion/compat_ion.o
  CC      net/xfrm/xfrm_user.o
  CC      net/wireless/sme.o
  CC      net/xfrm/xfrm_ipcomp.o
  CC      net/wireless/chan.o
  CC      drivers/staging/android/ion/mtk/ion_drv.o
  CC      net/xfrm/xfrm_interface.o
  CC      drivers/staging/android/ion/mtk/ion_mm_heap.o
  CC      drivers/staging/android/ion/mtk/ion_fb_heap.o
  AR      net/xfrm/built-in.o
  CC      drivers/staging/android/ion/mtk/ion_sec_heap.o
  CC      net/compat.o
  CC      drivers/staging/android/ion/mtk/ion_profile.o
  CC      net/wireless/ethtool.o
  CC      drivers/staging/android/ion/mtk/ion_dma_reserved_heap.o
  CC      net/sysctl_net.o
  CC      drivers/staging/android/ion/mtk/ion_history.o
  CC      drivers/staging/android/ion/mtk/ion_comm.o
  CC      net/wireless/mesh.o
  CC      net/wireless/ap.o
  CC      net/wireless/trace.o
  AR      drivers/staging/android/ion/mtk/built-in.o
  AR      drivers/staging/android/ion/built-in.o
  CC      drivers/staging/android/ashmem.o
  CC      net/wireless/ocb.o
  CC      drivers/staging/android/timed_output.o
  CC      net/wireless/of.o
  CC      drivers/staging/android/debug_kinfo.o
  CC      net/wireless/wext-core.o
  CC      drivers/staging/android/alarm-dev.o
  CC      net/wireless/wext-proc.o
  CC      drivers/staging/android/lmkd_debug.o
  CC      net/wireless/wext-priv.o
  CC      net/wireless/regdb.o
  AR      drivers/staging/android/built-in.o
  AR      drivers/staging/iio/accel/built-in.o
  AR      drivers/staging/iio/adc/built-in.o
  AR      drivers/staging/iio/addac/built-in.o
  AR      drivers/staging/iio/cdc/built-in.o
  AR      drivers/staging/iio/frequency/built-in.o
  AR      drivers/staging/iio/gyro/built-in.o
  AR      drivers/staging/iio/impedance-analyzer/built-in.o
  AR      drivers/staging/iio/light/built-in.o
  AR      drivers/staging/iio/meter/built-in.o
  AR      drivers/staging/iio/resolver/built-in.o
  AR      drivers/staging/iio/trigger/built-in.o
  AR      drivers/staging/iio/built-in.o
  AR      drivers/staging/media/built-in.o
  AR      drivers/staging/typec/fusb302/built-in.o
  AR      drivers/staging/typec/built-in.o
  AR      drivers/staging/built-in.o
  CC      drivers/switch/switch_class.o
  CC      drivers/thermal/thermal_core.o
  CC      drivers/thermal/thermal_sysfs.o
  AR      drivers/switch/built-in.o
  CC      drivers/tty/tty_io.o
  CC      drivers/thermal/thermal_helpers.o
  CC      drivers/thermal/of-thermal.o
  AR      net/wireless/cfg80211.o
  AR      net/wireless/built-in.o
  AR      net/built-in.o
  CC      drivers/thermal/backward_compatible.o
  CC      drivers/tty/n_tty.o
  AR      drivers/thermal/broadcom/built-in.o
  AR      drivers/thermal/samsung/built-in.o
  CC      drivers/tty/tty_ioctl.o
  AR      drivers/thermal/thermal_sys.o
  AR      drivers/thermal/built-in.o
  CC      drivers/tty/tty_ldisc.o
  CC      drivers/usb/class/cdc-acm.o
  CC      drivers/tty/tty_buffer.o
  CC      drivers/tty/tty_port.o
  CC      drivers/tty/tty_mutex.o
  CC      drivers/usb/class/usblp.o
  CC      drivers/tty/tty_ldsem.o
  CC      drivers/usb/class/cdc-wdm.o
  CC      drivers/tty/tty_baudrate.o
  CC      drivers/tty/tty_jobctrl.o
  CC      drivers/tty/n_null.o
  CC      drivers/tty/pty.o
  AR      drivers/usb/class/built-in.o
  CC      drivers/tty/tty_audit.o
  CC      drivers/usb/common/common.o
  CC      drivers/video/hdmi.o
  CC      drivers/video/backlight/backlight.o
  CC      drivers/tty/sysrq.o
  AR      drivers/usb/common/usb-common.o
  AR      drivers/usb/common/built-in.o
  CC      drivers/usb/core/usb.o
  CC      drivers/video/fbdev/core/fb_cmdline.o
  CC      drivers/video/backlight/generic_bl.o
  CC      drivers/usb/core/hub.o
  CC      drivers/video/fbdev/core/fb_notify.o
  AR      drivers/tty/ipwireless/built-in.o
  CC      drivers/tty/serial/serial_core.o
  CC [M]  drivers/video/backlight/lcd.o
  CC      drivers/video/fbdev/core/fbmem.o
  AR      drivers/video/backlight/built-in.o
  AR      drivers/video/fbdev/omap2/omapfb/displays/built-in.o
  AR      drivers/video/fbdev/omap2/omapfb/dss/built-in.o
  AR      drivers/video/fbdev/omap2/omapfb/built-in.o
  AR      drivers/video/fbdev/omap2/built-in.o
  CC      drivers/tty/serial/earlycon.o
  CC      drivers/tty/serial/8250/8250_core.o
  CC      drivers/tty/serial/8250/8250_port.o
  CC      drivers/usb/core/hcd.o
  CC      drivers/video/fbdev/core/fbmon.o
  CC      drivers/tty/serial/8250/8250_dma.o
  CC      drivers/tty/serial/8250/8250_early.o
  CC      drivers/tty/serial/8250/8250_fsl.o
  CC      drivers/video/fbdev/core/fbcmap.o
  CC      drivers/tty/serial/8250/8250_mtk.o
  CC      drivers/usb/core/urb.o
  CC      drivers/usb/gadget/usbstring.o
  CC      drivers/video/fbdev/core/fbsysfs.o
  CC      drivers/usb/core/message.o
  AR      drivers/tty/serial/8250/8250.o
  AR      drivers/tty/serial/8250/8250_base.o
  CC      drivers/usb/gadget/config.o
  AR      drivers/tty/serial/8250/built-in.o
  AR      drivers/tty/serial/built-in.o
  AR      drivers/tty/vt/built-in.o
  AR      drivers/tty/built-in.o
  CC      drivers/virtio/virtio.o
  CC      drivers/video/fbdev/core/modedb.o
  CC      drivers/usb/gadget/epautoconf.o
  CC      drivers/virtio/virtio_ring.o
  CC      drivers/usb/core/driver.o
  CC      drivers/video/fbdev/core/fbcvt.o
  CC      drivers/usb/gadget/composite.o
  CC      drivers/video/fbdev/core/fb_defio.o
  CC      drivers/usb/core/config.o
  AR      drivers/virtio/built-in.o
  CC      drivers/usb/core/file.o
  CC      drivers/video/fbdev/core/cfbfillrect.o
  CC      drivers/usb/gadget/functions.o
  CC      drivers/usb/core/buffer.o
  CC      drivers/usb/core/sysfs.o
  CC      drivers/usb/core/endpoint.o
  CC      drivers/usb/misc/trancevibrator.o
  CC      drivers/video/fbdev/core/cfbcopyarea.o
  CC      drivers/usb/gadget/configfs.o
  CC      drivers/usb/core/devio.o
  AR      drivers/usb/misc/built-in.o
  CC      drivers/usb/notify/usb_notify.o
  CC      drivers/video/fbdev/core/cfbimgblt.o
  CC      drivers/usb/gadget/u_f.o
  CC      drivers/video/fbdev/core/sysfillrect.o
  CC      drivers/usb/notify/usb_notify_sysfs.o
  CC      drivers/usb/gadget/meta.o
  CC      drivers/usb/core/notify.o
  CC      drivers/video/fbdev/core/syscopyarea.o
  CC      drivers/usb/notify/dock_notify.o
  CC      drivers/usb/core/generic.o
  CC      drivers/usb/gadget/function/f_acm.o
  CC      drivers/usb/gadget/function/u_serial.o
  CC      drivers/video/fbdev/core/sysimgblt.o
  CC      drivers/usb/notify/host_notify_class.o
  CC      drivers/usb/core/quirks.o
  CC      drivers/usb/core/devices.o
  CC      drivers/video/fbdev/core/fb_sys_fops.o
  CC      drivers/usb/notify/external_notify.o
  CC      drivers/usb/gadget/function/f_serial.o
  CC      drivers/usb/core/port.o
  CC      drivers/usb/notify/usblog_proc_notify.o
  CC      drivers/usb/gadget/function/u_ether.o
  AR      drivers/video/fbdev/core/fb.o
  AR      drivers/video/fbdev/core/built-in.o
  AR      drivers/video/fbdev/built-in.o
  CC      drivers/video/logo/logo.o
  CC      drivers/usb/core/of.o
  LOGO    drivers/video/logo/logo_linux_mono.c
  LOGO    drivers/video/logo/logo_linux_vga16.c
  LOGO    drivers/video/logo/logo_linux_clut224.c
  LOGO    drivers/video/logo/logo_superh_mono.c
  LOGO    drivers/video/logo/clut_vga16.c
  LOGO    drivers/video/logo/logo_blackfin_vga16.c
  LOGO    drivers/video/logo/logo_superh_vga16.c
  LOGO    drivers/video/logo/logo_blackfin_clut224.c
  LOGO    drivers/video/logo/logo_dec_clut224.c
  LOGO    drivers/video/logo/logo_m32r_clut224.c
  LOGO    drivers/video/logo/logo_mac_clut224.c
  LOGO    drivers/video/logo/logo_parisc_clut224.c
  LOGO    drivers/video/logo/logo_sgi_clut224.c
  LOGO    drivers/video/logo/logo_spe_clut224.c
  LOGO    drivers/video/logo/logo_sun_clut224.c
  LOGO    drivers/video/logo/logo_superh_clut224.c
  CC      drivers/video/logo/logo_linux_mono.o
  CC      drivers/video/logo/logo_linux_vga16.o
  CC      drivers/video/logo/logo_linux_clut224.o
  AR      drivers/video/logo/built-in.o
  AR      drivers/video/built-in.o
  CC      drivers/watchdog/watchdog_core.o
  AR      drivers/usb/core/usbcore.o
  AR      drivers/usb/core/built-in.o
  CC      drivers/usb/notify/usb_notifier.o
  CC      drivers/usb/phy/phy.o
  CC      drivers/usb/gadget/function/f_rndis.o
  AR      drivers/usb/notify/usb_notify_layer.o
  AR      drivers/usb/notify/built-in.o
  CC      drivers/usb/serial/usb-serial.o
  CC      drivers/watchdog/watchdog_dev.o
  CC      drivers/usb/phy/of.o
  CC      drivers/watchdog/softdog.o
  CC      drivers/usb/gadget/function/rndis.o
  CC      drivers/usb/phy/class-dual-role.o
  CC      drivers/usb/serial/generic.o
  CC      drivers/watchdog/mediatek/wdk/wd_common_drv.o
  CC      drivers/usb/phy/phy-generic.o
  CC      drivers/watchdog/mediatek/wdk/wd_api.o
  CC      drivers/usb/serial/bus.o
  CC      drivers/usb/gadget/function/f_mass_storage.o
  AR      drivers/watchdog/mediatek/wdk/built-in.o
  CC      drivers/watchdog/mediatek/wdt/common/wdt_v2/mtk_wdt_v2.o
  CC      drivers/usb/serial/ftdi_sio.o
  AR      drivers/usb/phy/built-in.o
  CC      drivers/usb/storage/scsiglue.o
  CC      drivers/usb/serial/pl2303.o
  AR      drivers/watchdog/mediatek/wdt/common/wdt_v2/built-in.o
  AR      drivers/watchdog/mediatek/wdt/common/built-in.o
  AR      drivers/watchdog/mediatek/wdt/built-in.o
  AR      drivers/watchdog/mediatek/built-in.o
  AR      drivers/watchdog/watchdog.o
  AR      drivers/watchdog/built-in.o
  CC      drivers/usb/storage/protocol.o
  CC      drivers/usb/storage/transport.o
  CC      drivers/usb/gadget/function/storage_common.o
  AR      drivers/usb/serial/usbserial.o
  AR      drivers/usb/serial/built-in.o
  CC      drivers/usb/typec/typec.o
  CC      drivers/usb/storage/usb.o
  CC      drivers/usb/storage/initializers.o
  CC      drivers/usb/gadget/function/f_fs.o
  AR      drivers/usb/typec/built-in.o
  CC      drivers/usb/gadget/function/f_midi.o
  CC      drivers/usb/storage/sierra_ms.o
  CC      drivers/usb/storage/option_ms.o
  CC      drivers/usb/gadget/function/f_hid.o
  CC      drivers/usb/storage/usual-tables.o
  CC      drivers/usb/storage/alauda.o
  CC      drivers/usb/storage/cypress_atacb.o
  CC      drivers/usb/storage/datafab.o
  CC      drivers/usb/gadget/function/f_dm.o
  CC      drivers/usb/storage/freecom.o
  CC      drivers/usb/storage/isd200.o
  CC      drivers/usb/storage/jumpshot.o
  CC      drivers/usb/storage/karma.o
  CC      drivers/usb/gadget/function/f_audio_source.o
  CC      drivers/usb/storage/onetouch.o
  CC      drivers/usb/gadget/function/f_accessory.o
  CC      drivers/usb/storage/sddr09.o
  CC      drivers/usb/storage/sddr55.o
  CC      drivers/usb/storage/shuttle_usbat.o
  AR      drivers/usb/storage/usb-storage.o
  AR      drivers/usb/storage/ums-alauda.o
  AR      drivers/usb/storage/ums-cypress.o
  AR      drivers/usb/storage/ums-datafab.o
  AR      drivers/usb/storage/ums-freecom.o
  AR      drivers/usb/storage/ums-isd200.o
  AR      drivers/usb/storage/ums-jumpshot.o
  AR      drivers/usb/storage/ums-karma.o
  AR      drivers/usb/storage/ums-onetouch.o
  AR      drivers/usb/storage/ums-sddr55.o
  CC      drivers/usb/gadget/function/f_mtp.o
  CC      drivers/usb/gadget/function/f_ptp.o
  CC      drivers/usb/gadget/function/f_conn_gadget.o
  AR      drivers/usb/storage/ums-usbat.o
  AR      drivers/usb/storage/ums-sddr09.o
  AR      drivers/usb/storage/built-in.o
  CC      drivers/usb/gadget/function/f_ss_mon_gadget.o
  AR      drivers/usb/gadget/function/usb_f_acm.o
  AR      drivers/usb/gadget/function/usb_f_serial.o
  AR      drivers/usb/gadget/function/usb_f_rndis.o
  AR      drivers/usb/gadget/function/usb_f_mass_storage.o
  AR      drivers/usb/gadget/function/usb_f_fs.o
  AR      drivers/usb/gadget/function/usb_f_midi.o
  AR      drivers/usb/gadget/function/usb_f_hid.o
  AR      drivers/usb/gadget/function/usb_f_dm.o
  AR      drivers/usb/gadget/function/usb_f_audio_source.o
  AR      drivers/usb/gadget/function/usb_f_accessory.o
  AR      drivers/usb/gadget/function/usb_f_ptp.o
  AR      drivers/usb/gadget/legacy/built-in.o
  CC      drivers/usb/gadget/udc/core.o
  CC      drivers/usb/gadget/udc/trace.o
  AR      drivers/usb/gadget/function/usb_f_ss_mon_gadget.o
  AR      drivers/usb/gadget/function/usb_f_conn_gadget.o
  AR      drivers/usb/gadget/function/usb_f_mtp.o
  AR      drivers/usb/gadget/function/built-in.o
  AR      drivers/usb/gadget/libcomposite.o
  AR      drivers/usb/gadget/udc/udc-core.o
  AR      drivers/usb/gadget/udc/built-in.o
  AR      drivers/usb/gadget/built-in.o
  AR      drivers/usb/built-in.o
  AR      drivers/built-in.o
  GEN     .version
  CHK     include/generated/compile.h
  UPD     include/generated/compile.h
  CC      init/version.o
  AR      init/built-in.o
  AR      built-in.o
  LD      vmlinux.o
  MODPOST vmlinux.o
  KSYM    .tmp_kallsyms1.o
  KSYM    .tmp_kallsyms2.o
  LD      vmlinux
  SORTEX  vmlinux
  SYSMAP  System.map
  OBJCOPY arch/arm64/boot/Image
  Building modules, stage 2.
  MODPOST 5 modules
  CC      drivers/video/backlight/lcd.mod.o
  CC      kernel/kheaders.mod.o
  CC      net/ipv4/tcp_htcp.mod.o
  CC      net/bridge/br_netfilter.mod.o
  CC      net/ipv4/tcp_westwood.mod.o
  LD [M]  drivers/video/backlight/lcd.ko
  LD [M]  kernel/kheaders.ko
  LD [M]  net/bridge/br_netfilter.ko
  LD [M]  net/ipv4/tcp_htcp.ko
  LD [M]  net/ipv4/tcp_westwood.ko
  GZIP    arch/arm64/boot/Image.gz
make[1]: Leaving directory '/home/dharrun/kernel_samsung_a226b/out'
make: Leaving directory '/home/dharrun/kernel_samsung_a226b'
[0;36m[21:40:29][0m [0;32m[OK][0m  Kernel compilation completed!
[0;36m[21:40:29][0m [1;37m[INFO][0m  Build time: [1;33m27m 39s[0m
[0;36m[21:40:29][0m [1;37m[INFO][0m  Creating flashable package...
[0;36m[21:40:29][0m [0;32m[OK][0m  AnyKernel3 already exists
[0;36m[21:40:29][0m [0;35m[PROGRESS][0m  Cleaning AnyKernel directory...
[0;36m[21:40:29][0m [1;37m[INFO][0m  Using: [1;33mImage.gz[0m
[0;36m[21:40:29][0m [0;35m[PROGRESS][0m  Copying kernel image...
[0;36m[21:40:29][0m [0;32m[OK][0m  Kernel image copied
[0;36m[21:40:29][0m [0;35m[PROGRESS][0m  Creating ZIP package...
[0;36m[21:40:30][0m [0;32m[OK][0m  Package created: [1;33ma22x-20260102-2140.zip[0m
[0;36m[21:40:30][0m [1;33m[WARNING][0m  Telegram credentials not set. Skipping upload.
[0;36m[21:40:30][0m [0;32m[OK][0m  Output: [1;33moutput/a22x-20260102-2140.zip[0m
[0;36m[21:40:30][0m [0;32m[OK][0m  Build finished successfully!
[0;36m[21:40:30][0m [1;37m[INFO][0m  Check output directory for flashable ZIP
